Ticker,Name,Series Type,Currency,Country,Sector,Industry,Sic,Exchange,Cik,Fiscal_End,Units,Scale,Flow,Adjustment,Periodicity,Metadata,Corporate_History
_RTCID,Reuter's Commodity Index,Commodity Indices,United States Dollar,United States,,,,,,,Index Number,Units,Stock,none,Daily From Nov 1959 To Jan 2019<BR>,"This index includes 17 primary commodities weighted by their relative importance in international trade, and is a geometric average of the spot prices of the underlying commodities, using price quotations in Britain, Rotterdam, Hamburg and Antwerp. The base is September 18, 1931 = 100. The index includes only staple commodities (no energy or precious metals), and weights reflect pre-World War II trading patterns.  Its components include wheat (14%), cotton (13%), coffee (11%), wool (11%), copper (9%), sugar (7%), rubber (7%), maize/corn (5%), rice (4%), beef (4%), soybeans (3%), cocoa (3%), tin (2%), ground nut oil (2%), copra (2%), zinc (1%) and lead (1%). The most recent revision to the index came on December 6, 1995 when the components were changed to energy (crude oil, heating oil and natural gas) 17.6%, grains (wheat, corn, soybeans) 17.6%, industrials (copper, cotton) 11.8%, meats (live cattle, lean hogs) 11.8%, softs (coffee, cocoa, sugar, orange juice) 23.5% and precious metals (gold, silver, platinum) 17.6%.",
Date,Ticker,Open,High,Low,Close,Volume,Openint
01/02/2009,_RTCID,,,,1772.99,,
01/05/2009,_RTCID,,,,1797.72,,
01/06/2009,_RTCID,,,,1882.27,,
01/07/2009,_RTCID,,,,1907.97,,
01/08/2009,_RTCID,,,,1856.64,,
01/09/2009,_RTCID,,,,1889.97,,
01/12/2009,_RTCID,,,,1896.1801,,
01/13/2009,_RTCID,,,,1853.8101,,
01/14/2009,_RTCID,,,,1874.05,,
01/15/2009,_RTCID,,,,1863.66,,
01/16/2009,_RTCID,,,,1882.5699,,
01/19/2009,_RTCID,,,,1906.61,,
01/20/2009,_RTCID,,,,1928.5699,,
01/21/2009,_RTCID,,,,1907.37,,
01/22/2009,_RTCID,,,,1911.05,,
01/23/2009,_RTCID,,,,1897.87,,
01/26/2009,_RTCID,,,,1941.88,,
01/27/2009,_RTCID,,,,1956.8,,
01/28/2009,_RTCID,,,,1936.72,,
01/29/2009,_RTCID,,,,1916.9399,,
01/30/2009,_RTCID,,,,1913.3,,
02/02/2009,_RTCID,,,,1911.13,,
02/03/2009,_RTCID,,,,1897.51,,
02/04/2009,_RTCID,,,,1911.11,,
02/05/2009,_RTCID,,,,1915.7,,
02/06/2009,_RTCID,,,,1897.51,,
02/09/2009,_RTCID,,,,1946.85,,
02/10/2009,_RTCID,,,,1945.86,,
02/11/2009,_RTCID,,,,1929.97,,
02/12/2009,_RTCID,,,,1923.3,,
02/13/2009,_RTCID,,,,1931.91,,
02/16/2009,_RTCID,,,,1912.38,,
02/17/2009,_RTCID,,,,1903.23,,
02/18/2009,_RTCID,,,,1863.62,,
02/19/2009,_RTCID,,,,1872.98,,
02/20/2009,_RTCID,,,,1854.14,,
02/23/2009,_RTCID,,,,1857.12,,
02/24/2009,_RTCID,,,,1835.53,,
02/25/2009,_RTCID,,,,1846.01,,
02/26/2009,_RTCID,,,,1866.03,,
02/27/2009,_RTCID,,,,1844.78,,
03/02/2009,_RTCID,,,,1841.3101,,
03/03/2009,_RTCID,,,,1821.21,,
03/04/2009,_RTCID,,,,1837.53,,
03/05/2009,_RTCID,,,,1863.62,,
03/06/2009,_RTCID,,,,1856.15,,
03/09/2009,_RTCID,,,,1849.59,,
03/10/2009,_RTCID,,,,1862.98,,
03/11/2009,_RTCID,,,,1861.1801,,
03/12/2009,_RTCID,,,,1846.5699,,
03/13/2009,_RTCID,,,,1867.22,,
03/16/2009,_RTCID,,,,1873.99,,
03/17/2009,_RTCID,,,,1892.2,,
03/18/2009,_RTCID,,,,1889.6,,
03/19/2009,_RTCID,,,,1902.34,,
03/20/2009,_RTCID,,,,1907.26,,
03/23/2009,_RTCID,,,,1921.08,,
03/24/2009,_RTCID,,,,1915.05,,
03/25/2009,_RTCID,,,,1912,,
03/26/2009,_RTCID,,,,1915.8101,,
03/27/2009,_RTCID,,,,1894.2,,
03/30/2009,_RTCID,,,,1888.76,,
03/31/2009,_RTCID,,,,1897.52,,
04/01/2009,_RTCID,,,,1905.1801,,
04/02/2009,_RTCID,,,,1919.96,,
04/03/2009,_RTCID,,,,1935.58,,
04/06/2009,_RTCID,,,,1980.64,,
04/07/2009,_RTCID,,,,1960.73,,
04/08/2009,_RTCID,,,,1950.11,,
04/09/2009,_RTCID,,,,1971.16,,
04/10/2009,_RTCID,,,,1972.0699,,
04/14/2009,_RTCID,,,,1990.29,,
04/15/2009,_RTCID,,,,2016.47,,
04/16/2009,_RTCID,,,,2020.9301,,
04/17/2009,_RTCID,,,,2028.49,,
04/20/2009,_RTCID,,,,2041.45,,
04/21/2009,_RTCID,,,,2005.41,,
04/22/2009,_RTCID,,,,2013.46,,
04/23/2009,_RTCID,,,,2036.85,,
04/24/2009,_RTCID,,,,2027.97,,
04/27/2009,_RTCID,,,,2018.79,,
04/28/2009,_RTCID,,,,1979.73,,
04/29/2009,_RTCID,,,,1981.72,,
04/30/2009,_RTCID,,,,2014.55,,
05/01/2009,_RTCID,,,,2020.88,,
05/04/2009,_RTCID,,,,2037.1,,
05/05/2009,_RTCID,,,,2071.77,,
05/06/2009,_RTCID,,,,2072.01,,
05/07/2009,_RTCID,,,,2099.72,,
05/08/2009,_RTCID,,,,2103.3,,
05/11/2009,_RTCID,,,,2088.1001,,
05/12/2009,_RTCID,,,,2103.3401,,
05/13/2009,_RTCID,,,,2090.2,,
05/14/2009,_RTCID,,,,2071.47,,
05/15/2009,_RTCID,,,,2082.27,,
05/18/2009,_RTCID,,,,2103.03,,
05/19/2009,_RTCID,,,,2123.5801,,
05/20/2009,_RTCID,,,,2129.6299,,
05/21/2009,_RTCID,,,,2129.6399,,
05/22/2009,_RTCID,,,,2133.8701,,
05/26/2009,_RTCID,,,,2133.8201,,
05/27/2009,_RTCID,,,,2113.6599,,
05/28/2009,_RTCID,,,,2136.3601,,
05/29/2009,_RTCID,,,,2144.6101,,
06/01/2009,_RTCID,,,,2166.72,,
06/02/2009,_RTCID,,,,2180.3601,,
06/03/2009,_RTCID,,,,2156.8999,,
06/04/2009,_RTCID,,,,2131.74,,
06/05/2009,_RTCID,,,,2167.8899,,
06/08/2009,_RTCID,,,,2080.9199,,
06/09/2009,_RTCID,,,,2154.1101,,
06/10/2009,_RTCID,,,,2174.8401,,
06/11/2009,_RTCID,,,,2166.0901,,
06/12/2009,_RTCID,,,,2156.48,,
06/15/2009,_RTCID,,,,2136.3799,,
06/16/2009,_RTCID,,,,2111.96,,
06/17/2009,_RTCID,,,,2079.01,,
06/18/2009,_RTCID,,,,2086.3999,,
06/19/2009,_RTCID,,,,2099.27,,
06/22/2009,_RTCID,,,,2085.24,,
06/23/2009,_RTCID,,,,2046.22,,
06/24/2009,_RTCID,,,,2052.8301,,
06/25/2009,_RTCID,,,,2094.77,,
06/26/2009,_RTCID,,,,2092.97,,
06/29/2009,_RTCID,,,,2080.3501,,
06/30/2009,_RTCID,,,,2093.5,,
07/01/2009,_RTCID,,,,2097.1001,,
07/02/2009,_RTCID,,,,2084.7,,
07/03/2009,_RTCID,,,,2080.76,,
07/06/2009,_RTCID,,,,2068.05,,
07/07/2009,_RTCID,,,,2069.47,,
07/08/2009,_RTCID,,,,2043.0699,,
07/09/2009,_RTCID,,,,2038.83,,
07/10/2009,_RTCID,,,,2048.1599,,
07/13/2009,_RTCID,,,,2052.5901,,
07/14/2009,_RTCID,,,,2052.73,,
07/15/2009,_RTCID,,,,2077.1599,,
07/16/2009,_RTCID,,,,2080.47,,
07/17/2009,_RTCID,,,,2073.75,,
07/20/2009,_RTCID,,,,2115.52,,
07/21/2009,_RTCID,,,,2098.29,,
07/22/2009,_RTCID,,,,2100.1699,,
07/23/2009,_RTCID,,,,2103.1001,,
07/24/2009,_RTCID,,,,2113.26,,
07/27/2009,_RTCID,,,,2111.03,,
07/28/2009,_RTCID,,,,2092.8101,,
07/29/2009,_RTCID,,,,2084.1499,,
07/30/2009,_RTCID,,,,2086.49,,
07/31/2009,_RTCID,,,,2114.5701,,
08/03/2009,_RTCID,,,,2157.3899,,
08/04/2009,_RTCID,,,,2157.4099,,
08/05/2009,_RTCID,,,,2170.8301,,
08/06/2009,_RTCID,,,,2151.1001,,
08/07/2009,_RTCID,,,,2138.4299,,
08/10/2009,_RTCID,,,,2154.8899,,
08/11/2009,_RTCID,,,,2154.03,,
08/12/2009,_RTCID,,,,2153.2,,
08/13/2009,_RTCID,,,,2183.2,,
08/14/2009,_RTCID,,,,2187.1001,,
08/17/2009,_RTCID,,,,2144.5901,,
08/18/2009,_RTCID,,,,2133.04,,
08/19/2009,_RTCID,,,,2124.1101,,
08/20/2009,_RTCID,,,,2137.3201,,
08/21/2009,_RTCID,,,,2145.1201,,
08/24/2009,_RTCID,,,,2158.77,,
08/25/2009,_RTCID,,,,2165.21,,
08/26/2009,_RTCID,,,,2172.8999,,
08/27/2009,_RTCID,,,,2172.6599,,
08/28/2009,_RTCID,,,,2187.1201,,
08/31/2009,_RTCID,,,,2182.3101,,
09/01/2009,_RTCID,,,,2165.0901,,
09/02/2009,_RTCID,,,,2153.3501,,
09/03/2009,_RTCID,,,,2170.3201,,
09/04/2009,_RTCID,,,,2165.3799,,
09/07/2009,_RTCID,,,,2156.6699,,
09/08/2009,_RTCID,,,,2168.73,,
09/09/2009,_RTCID,,,,2168.1299,,
09/10/2009,_RTCID,,,,2143.4099,,
09/11/2009,_RTCID,,,,2141.9199,,
09/14/2009,_RTCID,,,,2121.8999,,
09/15/2009,_RTCID,,,,2121.73,,
09/16/2009,_RTCID,,,,2141.8501,,
09/17/2009,_RTCID,,,,2162.0701,,
09/18/2009,_RTCID,,,,2157.5601,,
09/21/2009,_RTCID,,,,2130.96,,
09/22/2009,_RTCID,,,,2136.6101,,
09/23/2009,_RTCID,,,,2129.8201,,
09/24/2009,_RTCID,,,,2130.4399,,
09/25/2009,_RTCID,,,,2129.0701,,
09/28/2009,_RTCID,,,,2130.3201,,
09/29/2009,_RTCID,,,,2136.21,,
09/30/2009,_RTCID,,,,2150.25,,
10/02/2009,_RTCID,,,,2134.8101,,
10/05/2009,_RTCID,,,,2121.1399,,
10/06/2009,_RTCID,,,,2137.1299,,
10/07/2009,_RTCID,,,,2153.02,,
10/08/2009,_RTCID,,,,2171.5601,,
10/09/2009,_RTCID,,,,2179.3899,,
10/12/2009,_RTCID,,,,2176.72,,
10/13/2009,_RTCID,,,,2186.05,,
10/14/2009,_RTCID,,,,2176.6101,,
10/15/2009,_RTCID,,,,2174.98,,
10/16/2009,_RTCID,,,,2192.47,,
10/19/2009,_RTCID,,,,2201.8999,,
10/20/2009,_RTCID,,,,2222.78,,
10/21/2009,_RTCID,,,,2212.4199,,
10/22/2009,_RTCID,,,,2249.9099,,
10/23/2009,_RTCID,,,,2253.47,,
10/26/2009,_RTCID,,,,2269.9099,,
10/27/2009,_RTCID,,,,2244.8601,,
10/28/2009,_RTCID,,,,2222.5601,,
10/29/2009,_RTCID,,,,2211.1799,,
10/30/2009,_RTCID,,,,2243.25,,
11/02/2009,_RTCID,,,,2222.1699,,
11/03/2009,_RTCID,,,,2229.46,,
11/04/2009,_RTCID,,,,2244.78,,
11/05/2009,_RTCID,,,,2245.8899,,
11/06/2009,_RTCID,,,,2241.05,,
11/09/2009,_RTCID,,,,2237.01,,
11/10/2009,_RTCID,,,,2217.72,,
11/11/2009,_RTCID,,,,2214.3,,
11/12/2009,_RTCID,,,,2213.1699,,
11/13/2009,_RTCID,,,,2215.27,,
11/16/2009,_RTCID,,,,2231.8601,,
11/17/2009,_RTCID,,,,2255.8999,,
11/19/2009,_RTCID,,,,2278,,
11/20/2009,_RTCID,,,,2245.74,,
11/23/2009,_RTCID,,,,2268.1699,,
11/24/2009,_RTCID,,,,2261.8201,,
11/25/2009,_RTCID,,,,2259.9099,,
11/26/2009,_RTCID,,,,2266.3999,,
11/27/2009,_RTCID,,,,2253.95,,
11/30/2009,_RTCID,,,,2268.0601,,
12/01/2009,_RTCID,,,,2276.77,,
12/02/2009,_RTCID,,,,2298.71,,
12/03/2009,_RTCID,,,,2281.6799,,
12/04/2009,_RTCID,,,,2279.6299,,
12/07/2009,_RTCID,,,,2282.1799,,
12/08/2009,_RTCID,,,,2288.0601,,
12/09/2009,_RTCID,,,,2275.5,,
12/10/2009,_RTCID,,,,2264.49,,
12/11/2009,_RTCID,,,,2278.04,,
12/14/2009,_RTCID,,,,2275.49,,
12/15/2009,_RTCID,,,,2286.73,,
12/16/2009,_RTCID,,,,2309.71,,
12/17/2009,_RTCID,,,,2323.1299,,
12/18/2009,_RTCID,,,,2313.1101,,
12/21/2009,_RTCID,,,,2296.6399,,
12/22/2009,_RTCID,,,,2286.6001,,
12/23/2009,_RTCID,,,,2292.0901,,
12/24/2009,_RTCID,,,,2302.3301,,
12/28/2009,_RTCID,,,,2301.28,,
12/29/2009,_RTCID,,,,2311.8999,,
12/30/2009,_RTCID,,,,2316.95,,
12/31/2009,_RTCID,,,,2321.5701,,
01/04/2010,_RTCID,,,,2335.74,,
01/05/2010,_RTCID,,,,2353.04,,
01/06/2010,_RTCID,,,,2371.5801,,
01/07/2010,_RTCID,,,,2377.8899,,
01/08/2010,_RTCID,,,,2370.6299,,
01/11/2010,_RTCID,,,,2383.0901,,
01/12/2010,_RTCID,,,,2355.72,,
01/13/2010,_RTCID,,,,2356.6699,,
01/14/2010,_RTCID,,,,2346.9399,,
01/18/2010,_RTCID,,,,2346.3999,,
01/19/2010,_RTCID,,,,2339.47,,
01/20/2010,_RTCID,,,,2344.54,,
01/21/2010,_RTCID,,,,2337.54,,
01/22/2010,_RTCID,,,,2328.5701,,
01/25/2010,_RTCID,,,,2332.3899,,
01/26/2010,_RTCID,,,,2328.5701,,
01/27/2010,_RTCID,,,,2316.55,,
01/28/2010,_RTCID,,,,2288.3401,,
01/29/2010,_RTCID,,,,2276.3899,,
02/01/2010,_RTCID,,,,2267.52,,
02/02/2010,_RTCID,,,,2287.1799,,
02/03/2010,_RTCID,,,,2298.3999,,
02/04/2010,_RTCID,,,,2277.3701,,
02/05/2010,_RTCID,,,,2248.46,,
02/08/2010,_RTCID,,,,2245.27,,
02/09/2010,_RTCID,,,,2265.54,,
02/10/2010,_RTCID,,,,2286.8601,,
02/11/2010,_RTCID,,,,2291.1299,,
02/12/2010,_RTCID,,,,2301.0701,,
02/15/2010,_RTCID,,,,2304.9299,,
02/16/2010,_RTCID,,,,2306.3201,,
02/17/2010,_RTCID,,,,2323.3999,,
02/18/2010,_RTCID,,,,2309.04,,
02/19/2010,_RTCID,,,,2315.3501,,
02/22/2010,_RTCID,,,,2326.24,,
02/23/2010,_RTCID,,,,2303.6299,,
02/24/2010,_RTCID,,,,2283.0701,,
02/25/2010,_RTCID,,,,2289.1799,,
02/26/2010,_RTCID,,,,2274.79,,
03/01/2010,_RTCID,,,,2293.3,,
03/02/2010,_RTCID,,,,2268.6599,,
03/03/2010,_RTCID,,,,2274.4299,,
03/04/2010,_RTCID,,,,2278.1001,,
03/05/2010,_RTCID,,,,2262.51,,
03/08/2010,_RTCID,,,,2284.79,,
03/09/2010,_RTCID,,,,2272.28,,
03/10/2010,_RTCID,,,,2264.77,,
03/11/2010,_RTCID,,,,2250.3401,,
03/12/2010,_RTCID,,,,2248.96,,
03/15/2010,_RTCID,,,,2237.9199,,
03/16/2010,_RTCID,,,,2233.99,,
03/17/2010,_RTCID,,,,2243.1499,,
03/18/2010,_RTCID,,,,2247.9199,,
03/19/2010,_RTCID,,,,2262.8401,,
03/22/2010,_RTCID,,,,2269.78,,
03/23/2010,_RTCID,,,,2277.47,,
03/24/2010,_RTCID,,,,2256.3401,,
03/25/2010,_RTCID,,,,2260.96,,
03/26/2010,_RTCID,,,,2276.8501,,
03/29/2010,_RTCID,,,,2293.96,,
03/30/2010,_RTCID,,,,2309.71,,
03/31/2010,_RTCID,,,,2317.9299,,
04/01/2010,_RTCID,,,,2312.79,,
04/02/2010,_RTCID,,,,2308.5901,,
04/06/2010,_RTCID,,,,2307.79,,
04/07/2010,_RTCID,,,,2321.6499,,
04/08/2010,_RTCID,,,,2308.71,,
04/09/2010,_RTCID,,,,2320.74,,
04/12/2010,_RTCID,,,,2328.8799,,
04/13/2010,_RTCID,,,,2328.29,,
04/14/2010,_RTCID,,,,2337.6101,,
04/15/2010,_RTCID,,,,2340.49,,
04/16/2010,_RTCID,,,,2359.9399,,
04/19/2010,_RTCID,,,,2322.79,,
04/20/2010,_RTCID,,,,2332.3701,,
04/21/2010,_RTCID,,,,2327.8401,,
04/22/2010,_RTCID,,,,2353.04,,
04/23/2010,_RTCID,,,,2350.6599,,
04/26/2010,_RTCID,,,,2363.1001,,
04/27/2010,_RTCID,,,,2345.55,,
04/28/2010,_RTCID,,,,2309.9299,,
04/29/2010,_RTCID,,,,2309.5,,
04/30/2010,_RTCID,,,,2307.24,,
05/03/2010,_RTCID,,,,2302.8601,,
05/04/2010,_RTCID,,,,2293.47,,
05/05/2010,_RTCID,,,,2263.51,,
05/06/2010,_RTCID,,,,2269.74,,
05/07/2010,_RTCID,,,,2263,,
05/10/2010,_RTCID,,,,2273.0601,,
05/11/2010,_RTCID,,,,2253.05,,
05/12/2010,_RTCID,,,,2267.6001,,
05/13/2010,_RTCID,,,,2265.51,,
05/14/2010,_RTCID,,,,2272.5801,,
05/17/2010,_RTCID,,,,2255.8501,,
05/18/2010,_RTCID,,,,2247.79,,
05/19/2010,_RTCID,,,,2255.9199,,
05/20/2010,_RTCID,,,,2259.6299,,
05/21/2010,_RTCID,,,,2260.1599,,
05/24/2010,_RTCID,,,,2280.1899,,
05/25/2010,_RTCID,,,,2272.78,,
05/26/2010,_RTCID,,,,2290.05,,
05/27/2010,_RTCID,,,,2297.45,,
05/28/2010,_RTCID,,,,2300.55,,
05/31/2010,_RTCID,,,,2297.02,,
06/01/2010,_RTCID,,,,2269.7,,
06/02/2010,_RTCID,,,,2262.3101,,
06/03/2010,_RTCID,,,,2244.26,,
06/04/2010,_RTCID,,,,2232.8701,,
06/07/2010,_RTCID,,,,2218.3,,
06/08/2010,_RTCID,,,,2220.55,,
06/09/2010,_RTCID,,,,2252.6899,,
06/10/2010,_RTCID,,,,2260.1499,,
06/11/2010,_RTCID,,,,2278.0901,,
06/14/2010,_RTCID,,,,2302.72,,
06/15/2010,_RTCID,,,,2311.6299,,
06/16/2010,_RTCID,,,,2316.5901,,
06/17/2010,_RTCID,,,,2311.79,,
06/18/2010,_RTCID,,,,2297.24,,
06/21/2010,_RTCID,,,,2314.0801,,
06/22/2010,_RTCID,,,,2308.7,,
06/23/2010,_RTCID,,,,2320.0701,,
06/24/2010,_RTCID,,,,2318.3501,,
06/25/2010,_RTCID,,,,2332.0701,,
06/28/2010,_RTCID,,,,2353.5801,,
06/29/2010,_RTCID,,,,2333.1001,,
06/30/2010,_RTCID,,,,2309.47,,
07/01/2010,_RTCID,,,,2315.3501,,
07/02/2010,_RTCID,,,,2342.1101,,
07/05/2010,_RTCID,,,,2361.6101,,
07/06/2010,_RTCID,,,,2411.3201,,
07/07/2010,_RTCID,,,,2426.2,,
07/08/2010,_RTCID,,,,2463.75,,
07/09/2010,_RTCID,,,,2475.0601,,
07/12/2010,_RTCID,,,,2474.9299,,
07/13/2010,_RTCID,,,,2456.8101,,
07/14/2010,_RTCID,,,,2466.1299,,
07/15/2010,_RTCID,,,,2498.1101,,
07/16/2010,_RTCID,,,,2514.01,,
07/19/2010,_RTCID,,,,2501.46,,
07/20/2010,_RTCID,,,,2462.3201,,
07/21/2010,_RTCID,,,,2476.8301,,
07/22/2010,_RTCID,,,,2518.22,,
07/23/2010,_RTCID,,,,2531.25,,
07/26/2010,_RTCID,,,,2536.04,,
07/27/2010,_RTCID,,,,2544.21,,
07/28/2010,_RTCID,,,,2548.5601,,
07/29/2010,_RTCID,,,,2572.5801,,
07/30/2010,_RTCID,,,,2599.52,,
08/02/2010,_RTCID,,,,2629.22,,
08/03/2010,_RTCID,,,,2668.0901,,
08/04/2010,_RTCID,,,,2668.6499,,
08/05/2010,_RTCID,,,,2687.55,,
08/06/2010,_RTCID,,,,2716.1299,,
08/09/2010,_RTCID,,,,2705.0601,,
08/10/2010,_RTCID,,,,2654.8899,,
08/11/2010,_RTCID,,,,2665.27,,
08/12/2010,_RTCID,,,,2665.51,,
08/13/2010,_RTCID,,,,2680.97,,
08/16/2010,_RTCID,,,,2708.1299,,
08/17/2010,_RTCID,,,,2715.3999,,
08/18/2010,_RTCID,,,,2712.99,,
08/19/2010,_RTCID,,,,2705.8799,,
08/20/2010,_RTCID,,,,2711.98,,
08/23/2010,_RTCID,,,,2703.6399,,
08/24/2010,_RTCID,,,,2690.1399,,
08/25/2010,_RTCID,,,,2665.3701,,
08/26/2010,_RTCID,,,,2687.6599,,
08/27/2010,_RTCID,,,,2662.6799,,
08/31/2010,_RTCID,,,,2713.9199,,
09/01/2010,_RTCID,,,,2724.8201,,
09/02/2010,_RTCID,,,,2740.52,,
09/03/2010,_RTCID,,,,2747.46,,
09/06/2010,_RTCID,,,,2768.3701,,
09/07/2010,_RTCID,,,,2735.0701,,
09/08/2010,_RTCID,,,,2748.1201,,
09/09/2010,_RTCID,,,,2743.8501,,
09/10/2010,_RTCID,,,,2744.23,,
09/13/2010,_RTCID,,,,2769.7,,
09/14/2010,_RTCID,,,,2766.3799,,
09/15/2010,_RTCID,,,,2771.8401,,
09/16/2010,_RTCID,,,,2770.8601,,
09/17/2010,_RTCID,,,,2784.6599,,
09/20/2010,_RTCID,,,,2819.47,,
09/21/2010,_RTCID,,,,2803.6599,,
09/22/2010,_RTCID,,,,2795.6499,,
09/23/2010,_RTCID,,,,2795.55,,
09/24/2010,_RTCID,,,,2787.4299,,
09/27/2010,_RTCID,,,,2786.3401,,
09/28/2010,_RTCID,,,,2773.5701,,
09/29/2010,_RTCID,,,,2743.3401,,
09/30/2010,_RTCID,,,,2734.3799,,
10/01/2010,_RTCID,,,,2729.8401,,
10/04/2010,_RTCID,,,,2728.55,,
10/05/2010,_RTCID,,,,2710.27,,
10/06/2010,_RTCID,,,,2726.9099,,
10/07/2010,_RTCID,,,,2735.9199,,
10/08/2010,_RTCID,,,,2736.8101,,
10/11/2010,_RTCID,,,,2796.03,,
10/12/2010,_RTCID,,,,2817.3,,
10/13/2010,_RTCID,,,,2861.8101,,
10/14/2010,_RTCID,,,,2866.96,,
10/15/2010,_RTCID,,,,2840.78,,
10/18/2010,_RTCID,,,,2837.8899,,
10/19/2010,_RTCID,,,,2835.3799,,
10/20/2010,_RTCID,,,,2849.0601,,
10/21/2010,_RTCID,,,,2875.45,,
10/22/2010,_RTCID,,,,2876.8,,
10/25/2010,_RTCID,,,,2882.3401,,
10/26/2010,_RTCID,,,,2877.8799,,
10/27/2010,_RTCID,,,,2879.1699,,
10/28/2010,_RTCID,,,,2927.54,,
10/29/2010,_RTCID,,,,2917.8999,,
11/01/2010,_RTCID,,,,2930.9199,,
11/02/2010,_RTCID,,,,2942.1499,,
11/03/2010,_RTCID,,,,2948.46,,
11/04/2010,_RTCID,,,,2953.05,,
11/05/2010,_RTCID,,,,2983.49,,
11/08/2010,_RTCID,,,,2969.71,,
11/09/2010,_RTCID,,,,3034.49,,
11/10/2010,_RTCID,,,,3055.28,,
11/11/2010,_RTCID,,,,3060.6799,,
11/12/2010,_RTCID,,,,3022.8601,,
11/15/2010,_RTCID,,,,2961.05,,
11/16/2010,_RTCID,,,,2958.6599,,
11/17/2010,_RTCID,,,,2883.74,,
11/18/2010,_RTCID,,,,2903.0601,,
11/19/2010,_RTCID,,,,2921.5701,,
11/22/2010,_RTCID,,,,2909.51,,
11/23/2010,_RTCID,,,,2879.97,,
11/24/2010,_RTCID,,,,2888.3,,
11/25/2010,_RTCID,,,,2921.95,,
11/26/2010,_RTCID,,,,2929.51,,
11/29/2010,_RTCID,,,,2932.77,,
11/30/2010,_RTCID,,,,2958.9299,,
12/01/2010,_RTCID,,,,2985.22,,
12/02/2010,_RTCID,,,,3004.97,,
12/03/2010,_RTCID,,,,3046.9099,,
12/06/2010,_RTCID,,,,3060.23,,
12/07/2010,_RTCID,,,,3090.47,,
12/08/2010,_RTCID,,,,3078.8899,,
12/09/2010,_RTCID,,,,3090.28,,
12/10/2010,_RTCID,,,,3107,,
12/13/2010,_RTCID,,,,3118.74,,
12/14/2010,_RTCID,,,,3137.52,,
12/15/2010,_RTCID,,,,3136.47,,
12/16/2010,_RTCID,,,,3134.1299,,
12/17/2010,_RTCID,,,,3131.3999,,
12/20/2010,_RTCID,,,,3147.6201,,
12/21/2010,_RTCID,,,,3162.3999,,
12/22/2010,_RTCID,,,,3174.5701,,
12/23/2010,_RTCID,,,,3158.8701,,
12/24/2010,_RTCID,,,,3173.1101,,
12/29/2010,_RTCID,,,,3185.5801,,
12/30/2010,_RTCID,,,,3194.8201,,
12/31/2010,_RTCID,,,,3174.4199,,
01/04/2011,_RTCID,,,,3239.1299,,
01/05/2011,_RTCID,,,,3229.3501,,
01/06/2011,_RTCID,,,,3223.0901,,
01/07/2011,_RTCID,,,,3217.53,,
01/10/2011,_RTCID,,,,3216.1201,,
01/11/2011,_RTCID,,,,3222.8701,,
01/12/2011,_RTCID,,,,3226.8701,,
01/13/2011,_RTCID,,,,3251.6001,,
01/14/2011,_RTCID,,,,3226.6101,,
01/17/2011,_RTCID,,,,3213.4299,,
01/18/2011,_RTCID,,,,3216.9099,,
01/19/2011,_RTCID,,,,3238.3899,,
01/20/2011,_RTCID,,,,3220.23,,
01/21/2011,_RTCID,,,,3217.26,,
01/24/2011,_RTCID,,,,3212.8,,
01/25/2011,_RTCID,,,,3206.52,,
01/26/2011,_RTCID,,,,3183.8101,,
01/27/2011,_RTCID,,,,3217.29,,
01/28/2011,_RTCID,,,,3287.1399,,
01/31/2011,_RTCID,,,,3302.28,,
02/01/2011,_RTCID,,,,3327.3999,,
02/02/2011,_RTCID,,,,3340.9299,,
02/03/2011,_RTCID,,,,3374.5601,,
02/04/2011,_RTCID,,,,3378.6899,,
02/07/2011,_RTCID,,,,3377.6499,,
02/08/2011,_RTCID,,,,3384.3899,,
02/09/2011,_RTCID,,,,3364.5801,,
02/10/2011,_RTCID,,,,3354.47,,
02/11/2011,_RTCID,,,,3360.6399,,
02/14/2011,_RTCID,,,,3373.8401,,
02/15/2011,_RTCID,,,,3354.21,,
02/16/2011,_RTCID,,,,3321.6599,,
02/17/2011,_RTCID,,,,3310.27,,
02/18/2011,_RTCID,,,,3313.24,,
02/21/2011,_RTCID,,,,3314.2,,
02/22/2011,_RTCID,,,,3260.8201,,
02/23/2011,_RTCID,,,,3231,,
02/24/2011,_RTCID,,,,3228.77,,
02/25/2011,_RTCID,,,,3226.98,,
02/28/2011,_RTCID,,,,3257.1101,,
03/01/2011,_RTCID,,,,3292.9099,,
03/02/2011,_RTCID,,,,3281.03,,
03/03/2011,_RTCID,,,,3301.3201,,
03/04/2011,_RTCID,,,,3320.25,,
03/07/2011,_RTCID,,,,3292.72,,
03/08/2011,_RTCID,,,,3268.3799,,
03/09/2011,_RTCID,,,,3254.6799,,
03/10/2011,_RTCID,,,,3221.54,,
03/11/2011,_RTCID,,,,3195.54,,
03/14/2011,_RTCID,,,,3124.29,,
03/15/2011,_RTCID,,,,3073.5901,,
03/16/2011,_RTCID,,,,3065.1299,,
03/17/2011,_RTCID,,,,3100,,
03/18/2011,_RTCID,,,,3148.3601,,
03/21/2011,_RTCID,,,,3222.3701,,
03/22/2011,_RTCID,,,,3205.8701,,
03/23/2011,_RTCID,,,,3213.99,,
03/24/2011,_RTCID,,,,3220.72,,
03/25/2011,_RTCID,,,,3239.3401,,
03/28/2011,_RTCID,,,,3272.45,,
03/29/2011,_RTCID,,,,3277.1001,,
03/30/2011,_RTCID,,,,3258.6699,,
03/31/2011,_RTCID,,,,3241.8401,,
04/01/2011,_RTCID,,,,3242.1699,,
04/04/2011,_RTCID,,,,3279.05,,
04/05/2011,_RTCID,,,,3283.74,,
04/06/2011,_RTCID,,,,3302.24,,
04/07/2011,_RTCID,,,,3290.3999,,
04/08/2011,_RTCID,,,,3302.05,,
04/11/2011,_RTCID,,,,3300.5601,,
04/12/2011,_RTCID,,,,3290.5901,,
04/13/2011,_RTCID,,,,3242.71,,
04/14/2011,_RTCID,,,,3213.49,,
04/15/2011,_RTCID,,,,3214.6299,,
04/18/2011,_RTCID,,,,3218.51,,
04/19/2011,_RTCID,,,,3203.79,,
04/20/2011,_RTCID,,,,3230.48,,
04/21/2011,_RTCID,,,,3225.3201,,
04/26/2011,_RTCID,,,,3231.99,,
04/27/2011,_RTCID,,,,3218.5801,,
04/28/2011,_RTCID,,,,3192.49,,
04/29/2011,_RTCID,,,,3187.01,,
05/03/2011,_RTCID,,,,3161.25,,
05/04/2011,_RTCID,,,,3137.6299,,
05/05/2011,_RTCID,,,,3081.3201,,
05/06/2011,_RTCID,,,,3044.8101,,
05/09/2011,_RTCID,,,,3076.74,,
05/10/2011,_RTCID,,,,3115.8,,
05/11/2011,_RTCID,,,,3121.49,,
05/12/2011,_RTCID,,,,3070.77,,
05/13/2011,_RTCID,,,,3093.25,,
05/16/2011,_RTCID,,,,3083.49,,
05/17/2011,_RTCID,,,,3092.6599,,
05/18/2011,_RTCID,,,,3104.79,,
05/19/2011,_RTCID,,,,3164.6399,,
05/20/2011,_RTCID,,,,3141.79,,
05/23/2011,_RTCID,,,,3138.6399,,
05/24/2011,_RTCID,,,,3137.98,,
05/25/2011,_RTCID,,,,3157.49,,
05/26/2011,_RTCID,,,,3196.1799,,
05/27/2011,_RTCID,,,,3223.1101,,
05/31/2011,_RTCID,,,,3224.8101,,
06/01/2011,_RTCID,,,,3216.8101,,
06/02/2011,_RTCID,,,,3193.1001,,
06/03/2011,_RTCID,,,,3197.3601,,
06/06/2011,_RTCID,,,,3205.22,,
06/07/2011,_RTCID,,,,3171.8601,,
06/08/2011,_RTCID,,,,3157.6699,,
06/09/2011,_RTCID,,,,3173.8501,,
06/10/2011,_RTCID,,,,3171.8301,,
06/13/2011,_RTCID,,,,3165.04,,
06/14/2011,_RTCID,,,,3164.1799,,
06/15/2011,_RTCID,,,,3156.3501,,
06/16/2011,_RTCID,,,,3148.9399,,
06/17/2011,_RTCID,,,,3142.4199,,
06/20/2011,_RTCID,,,,3123.78,,
06/21/2011,_RTCID,,,,3126.3799,,
06/22/2011,_RTCID,,,,3113.4199,,
06/23/2011,_RTCID,,,,3071.9199,,
06/24/2011,_RTCID,,,,3069.74,,
06/27/2011,_RTCID,,,,3066.4199,,
06/28/2011,_RTCID,,,,3060.0701,,
06/29/2011,_RTCID,,,,3099.8799,,
06/30/2011,_RTCID,,,,3139.74,,
07/01/2011,_RTCID,,,,3095.6899,,
07/04/2011,_RTCID,,,,3108.24,,
07/05/2011,_RTCID,,,,3125.8601,,
07/06/2011,_RTCID,,,,3146.5801,,
07/07/2011,_RTCID,,,,3148.73,,
07/08/2011,_RTCID,,,,3170.5901,,
07/11/2011,_RTCID,,,,3153.29,,
07/12/2011,_RTCID,,,,3134.5701,,
07/13/2011,_RTCID,,,,3148.03,,
07/14/2011,_RTCID,,,,3173.9199,,
07/15/2011,_RTCID,,,,3160.52,,
07/18/2011,_RTCID,,,,3170.0701,,
07/19/2011,_RTCID,,,,3154.3301,,
07/20/2011,_RTCID,,,,3174.3501,,
07/21/2011,_RTCID,,,,3153.4299,,
07/22/2011,_RTCID,,,,3130.0601,,
07/25/2011,_RTCID,,,,3132.6599,,
07/26/2011,_RTCID,,,,3140.8,,
07/27/2011,_RTCID,,,,3141.6899,,
07/28/2011,_RTCID,,,,3146.6799,,
07/29/2011,_RTCID,,,,3139.9299,,
08/01/2011,_RTCID,,,,3135.1299,,
08/02/2011,_RTCID,,,,3115.3799,,
08/03/2011,_RTCID,,,,3082.6799,,
08/04/2011,_RTCID,,,,3056.3601,,
08/05/2011,_RTCID,,,,3012.6599,,
08/08/2011,_RTCID,,,,2976.8601,,
08/09/2011,_RTCID,,,,2933.1001,,
08/10/2011,_RTCID,,,,3004.3301,,
08/11/2011,_RTCID,,,,2991.04,,
08/12/2011,_RTCID,,,,3018.8401,,
08/15/2011,_RTCID,,,,3016.6001,,
08/16/2011,_RTCID,,,,3011.4099,,
08/17/2011,_RTCID,,,,3016.3301,,
08/18/2011,_RTCID,,,,3015.05,,
08/19/2011,_RTCID,,,,2988.76,,
08/22/2011,_RTCID,,,,2999.21,,
08/23/2011,_RTCID,,,,3035.46,,
08/24/2011,_RTCID,,,,3053.01,,
08/25/2011,_RTCID,,,,3097.1201,,
08/26/2011,_RTCID,,,,3070.0901,,
08/30/2011,_RTCID,,,,3119.0801,,
08/31/2011,_RTCID,,,,3131.1899,,
09/01/2011,_RTCID,,,,3113.6001,,
09/02/2011,_RTCID,,,,3119.78,,
09/05/2011,_RTCID,,,,3079.05,,
09/06/2011,_RTCID,,,,3068.3101,,
09/07/2011,_RTCID,,,,3068.6899,,
09/08/2011,_RTCID,,,,3066.5,,
09/09/2011,_RTCID,,,,3067.78,,
09/12/2011,_RTCID,,,,3059.8701,,
09/13/2011,_RTCID,,,,3065.5701,,
09/14/2011,_RTCID,,,,3051.3401,,
09/15/2011,_RTCID,,,,3027.5901,,
09/16/2011,_RTCID,,,,3021.8899,,
09/19/2011,_RTCID,,,,2979.99,,
09/20/2011,_RTCID,,,,2964.78,,
09/21/2011,_RTCID,,,,2955.28,,
09/22/2011,_RTCID,,,,2909.1899,,
09/23/2011,_RTCID,,,,2836.6201,,
09/26/2011,_RTCID,,,,2805.3,,
09/27/2011,_RTCID,,,,2827.45,,
09/28/2011,_RTCID,,,,2835.1001,,
09/29/2011,_RTCID,,,,2782.28,,
09/30/2011,_RTCID,,,,2811.3601,,
10/03/2011,_RTCID,,,,2775.46,,
10/04/2011,_RTCID,,,,2720.3501,,
10/05/2011,_RTCID,,,,2727.8101,,
10/06/2011,_RTCID,,,,2768.76,,
10/07/2011,_RTCID,,,,2768.49,,
10/10/2011,_RTCID,,,,2773.4199,,
10/11/2011,_RTCID,,,,2761.3799,,
10/12/2011,_RTCID,,,,2774.46,,
10/13/2011,_RTCID,,,,2770.1499,,
10/14/2011,_RTCID,,,,2796.1599,,
10/17/2011,_RTCID,,,,2818.1599,,
10/18/2011,_RTCID,,,,2798.0901,,
10/19/2011,_RTCID,,,,2788.26,,
10/20/2011,_RTCID,,,,2747.4199,,
10/21/2011,_RTCID,,,,2752.8899,,
10/24/2011,_RTCID,,,,2784.8701,,
10/25/2011,_RTCID,,,,2802.7,,
10/26/2011,_RTCID,,,,2806.72,,
10/27/2011,_RTCID,,,,2817.8799,,
10/28/2011,_RTCID,,,,2830.23,,
10/31/2011,_RTCID,,,,2822.04,,
11/01/2011,_RTCID,,,,2799.8,,
11/02/2011,_RTCID,,,,2811.75,,
11/03/2011,_RTCID,,,,2814.4299,,
11/04/2011,_RTCID,,,,2805.8999,,
11/07/2011,_RTCID,,,,2815.8701,,
11/08/2011,_RTCID,,,,2818.51,,
11/09/2011,_RTCID,,,,2806.47,,
11/10/2011,_RTCID,,,,2775.79,,
11/11/2011,_RTCID,,,,2778.78,,
11/14/2011,_RTCID,,,,2787.8101,,
11/15/2011,_RTCID,,,,2782.54,,
11/16/2011,_RTCID,,,,2780.4099,,
11/17/2011,_RTCID,,,,2782.0701,,
11/18/2011,_RTCID,,,,2780.4399,,
11/21/2011,_RTCID,,,,2759.54,,
11/22/2011,_RTCID,,,,2731.9199,,
11/23/2011,_RTCID,,,,2722.79,,
11/24/2011,_RTCID,,,,2711.27,,
11/25/2011,_RTCID,,,,2701.4299,,
11/28/2011,_RTCID,,,,2717.3601,,
11/29/2011,_RTCID,,,,2731.54,,
11/30/2011,_RTCID,,,,2722.8601,,
12/01/2011,_RTCID,,,,2757.45,,
12/02/2011,_RTCID,,,,2773.46,,
12/05/2011,_RTCID,,,,2769.04,,
12/06/2011,_RTCID,,,,2766.28,,
12/07/2011,_RTCID,,,,2769.75,,
12/08/2011,_RTCID,,,,2764.3701,,
12/09/2011,_RTCID,,,,2758.74,,
12/12/2011,_RTCID,,,,2736.48,,
12/13/2011,_RTCID,,,,2731.03,,
12/14/2011,_RTCID,,,,2729.0801,,
12/15/2011,_RTCID,,,,2720.1001,,
12/16/2011,_RTCID,,,,2706.25,,
12/19/2011,_RTCID,,,,2729.3501,,
12/20/2011,_RTCID,,,,2683.6799,,
12/21/2011,_RTCID,,,,2702.4099,,
12/22/2011,_RTCID,,,,2700.3101,,
12/23/2011,_RTCID,,,,2705.1101,,
12/28/2011,_RTCID,,,,2705.1101,,
12/29/2011,_RTCID,,,,2695.51,,
12/30/2011,_RTCID,,,,2704.1499,,
01/03/2012,_RTCID,,,,2706.3,,
01/04/2012,_RTCID,,,,2794.9299,,
01/05/2012,_RTCID,,,,2782.0701,,
01/06/2012,_RTCID,,,,2750.3301,,
01/09/2012,_RTCID,,,,2743.27,,
01/10/2012,_RTCID,,,,2785.96,,
01/11/2012,_RTCID,,,,2798.6201,,
01/12/2012,_RTCID,,,,2817.0901,,
01/13/2012,_RTCID,,,,2815.8601,,
01/16/2012,_RTCID,,,,2805.8799,,
01/17/2012,_RTCID,,,,2824.6799,,
01/18/2012,_RTCID,,,,2829.8701,,
01/19/2012,_RTCID,,,,2845.1499,,
01/20/2012,_RTCID,,,,2851.29,,
01/23/2012,_RTCID,,,,2863.1699,,
01/24/2012,_RTCID,,,,2867.2,,
01/25/2012,_RTCID,,,,2875.8501,,
01/26/2012,_RTCID,,,,2907.6201,,
01/27/2012,_RTCID,,,,2949.6101,,
01/30/2012,_RTCID,,,,2927.3501,,
01/31/2012,_RTCID,,,,2935.3999,,
02/01/2012,_RTCID,,,,2928.28,,
02/02/2012,_RTCID,,,,2929.3799,,
02/03/2012,_RTCID,,,,2913.47,,
02/06/2012,_RTCID,,,,2925.47,,
02/07/2012,_RTCID,,,,2934.9099,,
02/08/2012,_RTCID,,,,2958.95,,
02/09/2012,_RTCID,,,,2939.1599,,
02/10/2012,_RTCID,,,,2930.5601,,
02/13/2012,_RTCID,,,,2926.8799,,
02/14/2012,_RTCID,,,,2925.1899,,
02/15/2012,_RTCID,,,,2912.21,,
02/16/2012,_RTCID,,,,2916.1399,,
02/17/2012,_RTCID,,,,2937.1399,,
02/20/2012,_RTCID,,,,2928.98,,
02/21/2012,_RTCID,,,,2933.6799,,
02/22/2012,_RTCID,,,,2940.48,,
02/23/2012,_RTCID,,,,2947.72,,
02/24/2012,_RTCID,,,,2937.1599,,
02/27/2012,_RTCID,,,,2940.02,,
02/28/2012,_RTCID,,,,2963.97,,
02/29/2012,_RTCID,,,,2970.8301,,
03/01/2012,_RTCID,,,,2958.6499,,
03/02/2012,_RTCID,,,,2965.3601,,
03/05/2012,_RTCID,,,,2963.27,,
03/06/2012,_RTCID,,,,2952.6599,,
03/07/2012,_RTCID,,,,2926.9399,,
03/08/2012,_RTCID,,,,2941.8601,,
03/09/2012,_RTCID,,,,2951.97,,
03/12/2012,_RTCID,,,,2946.23,,
03/13/2012,_RTCID,,,,2966.03,,
03/14/2012,_RTCID,,,,2977.23,,
03/15/2012,_RTCID,,,,2982.5901,,
03/16/2012,_RTCID,,,,2994.55,,
03/19/2012,_RTCID,,,,2999.4399,,
03/20/2012,_RTCID,,,,2975.0801,,
03/21/2012,_RTCID,,,,2965.03,,
03/22/2012,_RTCID,,,,2946.1599,,
03/23/2012,_RTCID,,,,2956.0801,,
03/26/2012,_RTCID,,,,2978.48,,
03/27/2012,_RTCID,,,,2996.26,,
03/28/2012,_RTCID,,,,2997.1201,,
03/29/2012,_RTCID,,,,2978.3799,,
03/30/2012,_RTCID,,,,2978.3401,,
04/02/2012,_RTCID,,,,2972.7,,
04/03/2012,_RTCID,,,,2996.8301,,
04/04/2012,_RTCID,,,,2975.0601,,
04/05/2012,_RTCID,,,,2976.8999,,
04/10/2012,_RTCID,,,,2982.6699,,
04/11/2012,_RTCID,,,,2963.96,,
04/12/2012,_RTCID,,,,2975.1399,,
04/13/2012,_RTCID,,,,2970.5,,
04/16/2012,_RTCID,,,,2960.46,,
04/17/2012,_RTCID,,,,2949.6101,,
04/18/2012,_RTCID,,,,2961.6799,,
04/19/2012,_RTCID,,,,2957.76,,
04/20/2012,_RTCID,,,,2957.77,,
04/23/2012,_RTCID,,,,2953.9399,,
04/24/2012,_RTCID,,,,2957.8101,,
04/25/2012,_RTCID,,,,2971.95,,
04/26/2012,_RTCID,,,,2975.3501,,
04/27/2012,_RTCID,,,,2973.1699,,
04/30/2012,_RTCID,,,,2983.3799,,
05/01/2012,_RTCID,,,,2979.5601,,
05/02/2012,_RTCID,,,,2970.71,,
05/03/2012,_RTCID,,,,2957.72,,
05/04/2012,_RTCID,,,,2930.8301,,
05/08/2012,_RTCID,,,,2927.98,,
05/09/2012,_RTCID,,,,2910.3799,,
05/10/2012,_RTCID,,,,2918.73,,
05/11/2012,_RTCID,,,,2917.1201,,
05/14/2012,_RTCID,,,,2903.6799,,
05/15/2012,_RTCID,,,,2894.3601,,
05/16/2012,_RTCID,,,,2888.29,,
05/17/2012,_RTCID,,,,2882.22,,
05/18/2012,_RTCID,,,,2893.97,,
05/21/2012,_RTCID,,,,2893.04,,
05/22/2012,_RTCID,,,,2908.6699,,
05/23/2012,_RTCID,,,,2874.7,,
05/24/2012,_RTCID,,,,2877.8701,,
05/25/2012,_RTCID,,,,2906.9199,,
05/28/2012,_RTCID,,,,2907.5901,,
05/29/2012,_RTCID,,,,2919.1399,,
05/30/2012,_RTCID,,,,2908.3401,,
05/31/2012,_RTCID,,,,2890.29,,
06/01/2012,_RTCID,,,,2865.4099,,
06/06/2012,_RTCID,,,,2856.98,,
06/07/2012,_RTCID,,,,2855.53,,
06/08/2012,_RTCID,,,,2855.1899,,
06/11/2012,_RTCID,,,,2871.02,,
06/12/2012,_RTCID,,,,2868.6899,,
06/13/2012,_RTCID,,,,2866.98,,
06/14/2012,_RTCID,,,,2865.8501,,
06/15/2012,_RTCID,,,,2875.1001,,
06/18/2012,_RTCID,,,,2872.3101,,
06/19/2012,_RTCID,,,,2883.03,,
06/20/2012,_RTCID,,,,2894.6499,,
06/21/2012,_RTCID,,,,2879.21,,
06/22/2012,_RTCID,,,,2859.01,,
06/25/2012,_RTCID,,,,2869.99,,
06/26/2012,_RTCID,,,,2883.1299,,
06/27/2012,_RTCID,,,,2892.48,,
06/28/2012,_RTCID,,,,2914.52,,
06/29/2012,_RTCID,,,,2922.1101,,
07/02/2012,_RTCID,,,,2944.98,,
07/03/2012,_RTCID,,,,2983.1699,,
07/04/2012,_RTCID,,,,2987.1201,,
07/05/2012,_RTCID,,,,2994.28,,
07/06/2012,_RTCID,,,,3002.95,,
07/09/2012,_RTCID,,,,2998.4399,,
07/10/2012,_RTCID,,,,3040.1001,,
07/11/2012,_RTCID,,,,3036.5901,,
07/12/2012,_RTCID,,,,3044.26,,
07/13/2012,_RTCID,,,,3088.6699,,
07/16/2012,_RTCID,,,,3109.1699,,
07/17/2012,_RTCID,,,,3121.77,,
07/18/2012,_RTCID,,,,3095.6499,,
07/19/2012,_RTCID,,,,3129.23,,
07/20/2012,_RTCID,,,,3129.5601,,
07/23/2012,_RTCID,,,,3108.79,,
07/24/2012,_RTCID,,,,3092.21,,
07/25/2012,_RTCID,,,,3086.4399,,
07/26/2012,_RTCID,,,,3082.7,,
07/27/2012,_RTCID,,,,3108.48,,
07/30/2012,_RTCID,,,,3109.73,,
07/31/2012,_RTCID,,,,3136.98,,
08/01/2012,_RTCID,,,,3118.75,,
08/02/2012,_RTCID,,,,3089.9299,,
08/03/2012,_RTCID,,,,3084.99,,
08/06/2012,_RTCID,,,,3086.6101,,
08/07/2012,_RTCID,,,,3094.46,,
08/08/2012,_RTCID,,,,3091.74,,
08/09/2012,_RTCID,,,,3085.99,,
08/10/2012,_RTCID,,,,3116.7,,
08/13/2012,_RTCID,,,,3103.6499,,
08/14/2012,_RTCID,,,,3078.1499,,
08/15/2012,_RTCID,,,,3075.95,,
08/16/2012,_RTCID,,,,3076.9099,,
08/17/2012,_RTCID,,,,3093.1899,,
08/20/2012,_RTCID,,,,3094.71,,
08/21/2012,_RTCID,,,,3121.4199,,
08/22/2012,_RTCID,,,,3124.6899,,
08/23/2012,_RTCID,,,,3137.79,,
08/24/2012,_RTCID,,,,3138.9299,,
08/28/2012,_RTCID,,,,3134.9199,,
08/29/2012,_RTCID,,,,3139.04,,
08/30/2012,_RTCID,,,,3147.8701,,
08/31/2012,_RTCID,,,,3136.71,,
09/03/2012,_RTCID,,,,3146.02,,
09/04/2012,_RTCID,,,,3171.7,,
09/05/2012,_RTCID,,,,3145.6399,,
09/06/2012,_RTCID,,,,3152.1799,,
09/07/2012,_RTCID,,,,3163.47,,
09/10/2012,_RTCID,,,,3194.1001,,
09/11/2012,_RTCID,,,,3185.8401,,
09/12/2012,_RTCID,,,,3186.3601,,
09/13/2012,_RTCID,,,,3179.95,,
09/14/2012,_RTCID,,,,3214.03,,
09/17/2012,_RTCID,,,,3226.3501,,
09/18/2012,_RTCID,,,,3176.6799,,
09/19/2012,_RTCID,,,,3182.22,,
09/20/2012,_RTCID,,,,3162.6001,,
09/21/2012,_RTCID,,,,3168.4199,,
09/24/2012,_RTCID,,,,3163.54,,
09/25/2012,_RTCID,,,,3174.47,,
09/26/2012,_RTCID,,,,3163.96,,
09/27/2012,_RTCID,,,,3147.5701,,
09/28/2012,_RTCID,,,,3143.0901,,
10/01/2012,_RTCID,,,,3152.1201,,
10/02/2012,_RTCID,,,,3170.6599,,
10/03/2012,_RTCID,,,,3158.5801,,
10/04/2012,_RTCID,,,,3158.9199,,
10/05/2012,_RTCID,,,,3152.96,,
10/08/2012,_RTCID,,,,3132.25,,
10/09/2012,_RTCID,,,,3145.72,,
10/10/2012,_RTCID,,,,3146.05,,
10/11/2012,_RTCID,,,,3139.6399,,
10/12/2012,_RTCID,,,,3122.01,,
10/15/2012,_RTCID,,,,3092.0601,,
10/16/2012,_RTCID,,,,3086.8,,
10/17/2012,_RTCID,,,,3084.1499,,
10/18/2012,_RTCID,,,,3089.79,,
10/19/2012,_RTCID,,,,3080.3601,,
10/22/2012,_RTCID,,,,3081.28,,
10/23/2012,_RTCID,,,,3081.77,,
10/24/2012,_RTCID,,,,3085.6299,,
10/25/2012,_RTCID,,,,3105.6699,,
10/26/2012,_RTCID,,,,3070.8601,,
10/29/2012,_RTCID,,,,3062.9299,,
10/30/2012,_RTCID,,,,3064.6399,,
10/31/2012,_RTCID,,,,3071.98,,
11/01/2012,_RTCID,,,,3064.3701,,
11/02/2012,_RTCID,,,,3069.6699,,
11/05/2012,_RTCID,,,,3061.5601,,
11/06/2012,_RTCID,,,,3075.53,,
11/07/2012,_RTCID,,,,3090.02,,
11/08/2012,_RTCID,,,,3098.3501,,
11/09/2012,_RTCID,,,,3086.4399,,
11/12/2012,_RTCID,,,,3089.5801,,
11/13/2012,_RTCID,,,,3074.0801,,
11/14/2012,_RTCID,,,,3071.4399,,
11/15/2012,_RTCID,,,,3057.46,,
11/16/2012,_RTCID,,,,3053.79,,
11/19/2012,_RTCID,,,,3049.75,,
11/20/2012,_RTCID,,,,3062.79,,
11/21/2012,_RTCID,,,,3058,,
11/22/2012,_RTCID,,,,3053.04,,
11/23/2012,_RTCID,,,,3043.79,,
11/26/2012,_RTCID,,,,3042.1399,,
11/27/2012,_RTCID,,,,3046.1699,,
11/28/2012,_RTCID,,,,3053.1201,,
11/29/2012,_RTCID,,,,3092.8701,,
11/30/2012,_RTCID,,,,3090.8999,,
12/03/2012,_RTCID,,,,3091.47,,
12/04/2012,_RTCID,,,,3081.6499,,
12/05/2012,_RTCID,,,,3061.6201,,
12/06/2012,_RTCID,,,,3062.8101,,
12/07/2012,_RTCID,,,,3070.8799,,
12/10/2012,_RTCID,,,,3079.8301,,
12/11/2012,_RTCID,,,,3071.3899,,
12/12/2012,_RTCID,,,,3069.4399,,
12/13/2012,_RTCID,,,,3055.8999,,
12/14/2012,_RTCID,,,,3052.75,,
12/17/2012,_RTCID,,,,3052.8501,,
12/18/2012,_RTCID,,,,3049.1299,,
12/19/2012,_RTCID,,,,3022.4199,,
12/20/2012,_RTCID,,,,3009.8899,,
12/21/2012,_RTCID,,,,2961.6799,,
12/24/2012,_RTCID,,,,2971.26,,
12/27/2012,_RTCID,,,,2974.9099,,
12/28/2012,_RTCID,,,,2974.8101,,
12/31/2012,_RTCID,,,,2981.8201,,
01/02/2013,_RTCID,,,,2995.6799,,
01/03/2013,_RTCID,,,,3005.22,,
01/04/2013,_RTCID,,,,2987.8501,,
01/07/2013,_RTCID,,,,2983.23,,
01/08/2013,_RTCID,,,,2986.55,,
01/09/2013,_RTCID,,,,2979.5801,,
01/10/2013,_RTCID,,,,2996.4099,,
01/11/2013,_RTCID,,,,2990.4099,,
01/14/2013,_RTCID,,,,2979.3601,,
01/15/2013,_RTCID,,,,2992.23,,
01/16/2013,_RTCID,,,,2986.48,,
01/17/2013,_RTCID,,,,2998.98,,
01/18/2013,_RTCID,,,,3009.8701,,
01/21/2013,_RTCID,,,,3005.3999,,
01/22/2013,_RTCID,,,,3003.8501,,
01/23/2013,_RTCID,,,,3008.01,,
01/24/2013,_RTCID,,,,2999.4399,,
01/25/2013,_RTCID,,,,3007.3201,,
01/28/2013,_RTCID,,,,2988.6001,,
01/29/2013,_RTCID,,,,2998.49,,
01/30/2013,_RTCID,,,,3013.48,,
01/31/2013,_RTCID,,,,3013.1899,,
02/01/2013,_RTCID,,,,3014.28,,
02/04/2013,_RTCID,,,,3020.52,,
02/05/2013,_RTCID,,,,3016.99,,
02/06/2013,_RTCID,,,,3020.6499,,
02/07/2013,_RTCID,,,,3003.8101,,
02/08/2013,_RTCID,,,,3003.6299,,
02/11/2013,_RTCID,,,,2999.28,,
02/12/2013,_RTCID,,,,2997.6499,,
02/13/2013,_RTCID,,,,2980.1699,,
02/14/2013,_RTCID,,,,2983.29,,
02/15/2013,_RTCID,,,,2985.4199,,
02/18/2013,_RTCID,,,,2976.0601,,
02/19/2013,_RTCID,,,,2979.23,,
02/20/2013,_RTCID,,,,2988.77,,
02/21/2013,_RTCID,,,,2974.99,,
02/22/2013,_RTCID,,,,2987.3601,,
02/25/2013,_RTCID,,,,2974.4299,,
02/26/2013,_RTCID,,,,2954.5801,,
02/27/2013,_RTCID,,,,2969.1399,,
02/28/2013,_RTCID,,,,2969.26,,
03/01/2013,_RTCID,,,,2953.6201,,
03/04/2013,_RTCID,,,,2952.46,,
03/05/2013,_RTCID,,,,2946.5801,,
03/06/2013,_RTCID,,,,2935.9099,,
03/07/2013,_RTCID,,,,2924.3201,,
03/08/2013,_RTCID,,,,2937.1699,,
03/11/2013,_RTCID,,,,2935.1699,,
03/12/2013,_RTCID,,,,2947.3701,,
03/13/2013,_RTCID,,,,2946.7,,
03/14/2013,_RTCID,,,,2946.1201,,
03/15/2013,_RTCID,,,,2948.3201,,
03/18/2013,_RTCID,,,,2934.1499,,
03/19/2013,_RTCID,,,,2929.74,,
03/20/2013,_RTCID,,,,2936.8201,,
03/21/2013,_RTCID,,,,2957.3201,,
03/22/2013,_RTCID,,,,2964.1001,,
03/25/2013,_RTCID,,,,2972.97,,
03/26/2013,_RTCID,,,,2965.6101,,
03/27/2013,_RTCID,,,,2954.3401,,
03/28/2013,_RTCID,,,,2960.8201,,
03/29/2013,_RTCID,,,,2960.3799,,
04/02/2013,_RTCID,,,,2946.01,,
04/03/2013,_RTCID,,,,2915.21,,
04/04/2013,_RTCID,,,,2917.3899,,
04/05/2013,_RTCID,,,,2903.6599,,
04/08/2013,_RTCID,,,,2900.8201,,
04/09/2013,_RTCID,,,,2908.71,,
04/10/2013,_RTCID,,,,2908.04,,
04/11/2013,_RTCID,,,,2897.1399,,
04/12/2013,_RTCID,,,,2906.6299,,
04/15/2013,_RTCID,,,,2881.8101,,
04/16/2013,_RTCID,,,,2889.71,,
04/17/2013,_RTCID,,,,2875.3,,
04/18/2013,_RTCID,,,,2867.1101,,
04/19/2013,_RTCID,,,,2867.98,,
04/22/2013,_RTCID,,,,2862.49,,
04/23/2013,_RTCID,,,,2838.3401,,
04/24/2013,_RTCID,,,,2841.47,,
04/25/2013,_RTCID,,,,2844.53,,
04/26/2013,_RTCID,,,,2832.6699,,
04/29/2013,_RTCID,,,,2827.29,,
04/30/2013,_RTCID,,,,2838.95,,
05/01/2013,_RTCID,,,,2818.6399,,
05/02/2013,_RTCID,,,,2817.79,,
05/03/2013,_RTCID,,,,2829.6499,,
05/07/2013,_RTCID,,,,2838.1799,,
05/08/2013,_RTCID,,,,2846.8101,,
05/09/2013,_RTCID,,,,2841.0701,,
05/10/2013,_RTCID,,,,2843.3401,,
05/13/2013,_RTCID,,,,2843.7,,
05/14/2013,_RTCID,,,,2835.26,,
05/15/2013,_RTCID,,,,2822.5601,,
05/16/2013,_RTCID,,,,2816.3201,,
05/17/2013,_RTCID,,,,2822.9099,,
05/20/2013,_RTCID,,,,2822.1201,,
05/21/2013,_RTCID,,,,2834.51,,
05/22/2013,_RTCID,,,,2832.3899,,
05/23/2013,_RTCID,,,,2817.8899,,
05/24/2013,_RTCID,,,,2823.5701,,
05/28/2013,_RTCID,,,,2819.8701,,
05/29/2013,_RTCID,,,,2812.5601,,
05/30/2013,_RTCID,,,,2811.9399,,
05/31/2013,_RTCID,,,,2832.3601,,
06/03/2013,_RTCID,,,,2822.6599,,
06/04/2013,_RTCID,,,,2819.54,,
06/05/2013,_RTCID,,,,2822.48,,
06/06/2013,_RTCID,,,,2802.3401,,
06/07/2013,_RTCID,,,,2792.8999,,
06/10/2013,_RTCID,,,,2777.79,,
06/11/2013,_RTCID,,,,2782.1499,,
06/12/2013,_RTCID,,,,2801.3201,,
06/13/2013,_RTCID,,,,2759.98,,
06/14/2013,_RTCID,,,,2745.7,,
06/17/2013,_RTCID,,,,2734.0901,,
06/18/2013,_RTCID,,,,2726.0801,,
06/19/2013,_RTCID,,,,2723.24,,
06/20/2013,_RTCID,,,,2725.4199,,
06/21/2013,_RTCID,,,,2709.74,,
06/24/2013,_RTCID,,,,2704.1899,,
06/25/2013,_RTCID,,,,2716.96,,
06/26/2013,_RTCID,,,,2714.45,,
06/27/2013,_RTCID,,,,2713.3,,
06/28/2013,_RTCID,,,,2716.8701,,
07/01/2013,_RTCID,,,,2719.8501,,
07/02/2013,_RTCID,,,,2709.5801,,
07/03/2013,_RTCID,,,,2710.01,,
07/04/2013,_RTCID,,,,2708.6499,,
07/05/2013,_RTCID,,,,2704.9099,,
07/08/2013,_RTCID,,,,2702.1001,,
07/09/2013,_RTCID,,,,2698.3501,,
07/10/2013,_RTCID,,,,2713.8,,
07/11/2013,_RTCID,,,,2720.23,,
07/12/2013,_RTCID,,,,2711.4299,,
07/15/2013,_RTCID,,,,2707.03,,
07/16/2013,_RTCID,,,,2706.8101,,
07/17/2013,_RTCID,,,,2709.9099,,
07/18/2013,_RTCID,,,,2711.3799,,
07/19/2013,_RTCID,,,,2717.3701,,
07/22/2013,_RTCID,,,,2718.1101,,
07/23/2013,_RTCID,,,,2705,,
07/24/2013,_RTCID,,,,2703.6201,,
07/25/2013,_RTCID,,,,2676.53,,
07/26/2013,_RTCID,,,,2680.8,,
07/29/2013,_RTCID,,,,2669.4399,,
07/30/2013,_RTCID,,,,2662.8999,,
07/31/2013,_RTCID,,,,2661.1799,,
08/01/2013,_RTCID,,,,2679.2,,
08/02/2013,_RTCID,,,,2672.6101,,
08/05/2013,_RTCID,,,,2671.3501,,
08/06/2013,_RTCID,,,,2610.3,,
08/07/2013,_RTCID,,,,2597.5801,,
08/08/2013,_RTCID,,,,2623.6001,,
08/09/2013,_RTCID,,,,2671.26,,
08/12/2013,_RTCID,,,,2692.47,,
08/13/2013,_RTCID,,,,2656.96,,
08/14/2013,_RTCID,,,,2657.24,,
08/15/2013,_RTCID,,,,2649.71,,
08/16/2013,_RTCID,,,,2672.1101,,
08/19/2013,_RTCID,,,,2671.52,,
08/20/2013,_RTCID,,,,2666.9399,,
08/21/2013,_RTCID,,,,2657.28,,
08/22/2013,_RTCID,,,,2654.6699,,
08/23/2013,_RTCID,,,,2651.1499,,
08/27/2013,_RTCID,,,,2692.3,,
08/28/2013,_RTCID,,,,2696.3701,,
08/29/2013,_RTCID,,,,2692.54,,
08/30/2013,_RTCID,,,,2672.3601,,
09/02/2013,_RTCID,,,,2674.3899,,
09/03/2013,_RTCID,,,,2696.8799,,
09/04/2013,_RTCID,,,,2682.79,,
09/05/2013,_RTCID,,,,2670.99,,
09/06/2013,_RTCID,,,,2677.02,,
09/09/2013,_RTCID,,,,2676.48,,
09/10/2013,_RTCID,,,,2654.98,,
09/11/2013,_RTCID,,,,2657.25,,
09/12/2013,_RTCID,,,,2646.6899,,
09/13/2013,_RTCID,,,,2639.9199,,
09/16/2013,_RTCID,,,,2634.75,,
09/17/2013,_RTCID,,,,2621.45,,
09/18/2013,_RTCID,,,,2619.4299,,
09/19/2013,_RTCID,,,,2633.45,,
09/20/2013,_RTCID,,,,2630.03,,
09/23/2013,_RTCID,,,,2615.71,,
09/24/2013,_RTCID,,,,2617.4399,,
09/25/2013,_RTCID,,,,2617.1499,,
09/26/2013,_RTCID,,,,2632.5701,,
09/27/2013,_RTCID,,,,2617.03,,
09/30/2013,_RTCID,,,,2616.28,,
10/01/2013,_RTCID,,,,2617.0601,,
10/02/2013,_RTCID,,,,2605.9099,,
10/03/2013,_RTCID,,,,2618.3899,,
10/04/2013,_RTCID,,,,2621.79,,
10/07/2013,_RTCID,,,,2636.76,,
10/08/2013,_RTCID,,,,2645.8899,,
10/09/2013,_RTCID,,,,2653.46,,
10/10/2013,_RTCID,,,,2656.3899,,
10/11/2013,_RTCID,,,,2666,,
10/14/2013,_RTCID,,,,2674.6699,,
10/15/2013,_RTCID,,,,2677.1799,,
10/16/2013,_RTCID,,,,2667.05,,
10/17/2013,_RTCID,,,,2670.6899,,
10/18/2013,_RTCID,,,,2677.6499,,
10/21/2013,_RTCID,,,,2680.3701,,
10/22/2013,_RTCID,,,,2685.73,,
10/23/2013,_RTCID,,,,2682.5,,
10/24/2013,_RTCID,,,,2688.3999,,
10/25/2013,_RTCID,,,,2658.6201,,
10/28/2013,_RTCID,,,,2663.6001,,
10/29/2013,_RTCID,,,,2650.0901,,
10/30/2013,_RTCID,,,,2632.8899,,
10/31/2013,_RTCID,,,,2627.27,,
11/01/2013,_RTCID,,,,2626.55,,
11/04/2013,_RTCID,,,,2615.1699,,
11/05/2013,_RTCID,,,,2608.4199,,
11/06/2013,_RTCID,,,,2613.5901,,
11/07/2013,_RTCID,,,,2609.9099,,
11/08/2013,_RTCID,,,,2614.6699,,
11/11/2013,_RTCID,,,,2616.6799,,
11/12/2013,_RTCID,,,,2621.2,,
11/13/2013,_RTCID,,,,2616.02,,
11/14/2013,_RTCID,,,,2607.48,,
11/15/2013,_RTCID,,,,2611.1799,,
11/18/2013,_RTCID,,,,2613.78,,
11/19/2013,_RTCID,,,,2622.6201,,
11/20/2013,_RTCID,,,,2620.0901,,
11/21/2013,_RTCID,,,,2631.8999,,
11/22/2013,_RTCID,,,,2631.3899,,
11/25/2013,_RTCID,,,,2633.55,,
11/26/2013,_RTCID,,,,2641.2,,
11/27/2013,_RTCID,,,,2644.51,,
11/28/2013,_RTCID,,,,2640.9099,,
11/29/2013,_RTCID,,,,2646.6899,,
12/02/2013,_RTCID,,,,2657.45,,
12/03/2013,_RTCID,,,,2648.9199,,
12/04/2013,_RTCID,,,,2652.6399,,
12/05/2013,_RTCID,,,,2667.03,,
12/06/2013,_RTCID,,,,2658.5901,,
12/09/2013,_RTCID,,,,2657.1101,,
12/10/2013,_RTCID,,,,2656.24,,
12/11/2013,_RTCID,,,,2652.5901,,
12/12/2013,_RTCID,,,,2634.97,,
12/13/2013,_RTCID,,,,2638.1599,,
12/16/2013,_RTCID,,,,2641.8701,,
12/17/2013,_RTCID,,,,2637.5801,,
12/18/2013,_RTCID,,,,2631.3899,,
12/19/2013,_RTCID,,,,2629.78,,
12/20/2013,_RTCID,,,,2620.6001,,
12/23/2013,_RTCID,,,,2630.0601,,
12/24/2013,_RTCID,,,,2628.7,,
12/27/2013,_RTCID,,,,2632.0901,,
12/30/2013,_RTCID,,,,2630.96,,
12/31/2013,_RTCID,,,,2628.0701,,
01/02/2014,_RTCID,,,,2628.77,,
01/03/2014,_RTCID,,,,2606.5901,,
01/06/2014,_RTCID,,,,2600.74,,
01/07/2014,_RTCID,,,,2598.4299,,
01/08/2014,_RTCID,,,,2598.1201,,
01/09/2014,_RTCID,,,,2585.9199,,
01/10/2014,_RTCID,,,,2570.99,,
01/13/2014,_RTCID,,,,2568.27,,
01/14/2014,_RTCID,,,,2584.1899,,
01/15/2014,_RTCID,,,,2577.4399,,
01/16/2014,_RTCID,,,,2582.78,,
01/17/2014,_RTCID,,,,2575.6699,,
01/20/2014,_RTCID,,,,2570.05,,
01/21/2014,_RTCID,,,,2555.21,,
01/22/2014,_RTCID,,,,2547.96,,
01/23/2014,_RTCID,,,,2548.0601,,
01/24/2014,_RTCID,,,,2566.3201,,
01/27/2014,_RTCID,,,,2560.3999,,
01/28/2014,_RTCID,,,,2565.22,,
01/29/2014,_RTCID,,,,2564.46,,
01/30/2014,_RTCID,,,,2535.05,,
01/31/2014,_RTCID,,,,2542.7,,
02/03/2014,_RTCID,,,,2540.3101,,
02/04/2014,_RTCID,,,,2552.29,,
02/05/2014,_RTCID,,,,2554.4299,,
02/06/2014,_RTCID,,,,2552.29,,
02/07/2014,_RTCID,,,,2560.02,,
02/10/2014,_RTCID,,,,2558.0601,,
02/11/2014,_RTCID,,,,2557.8401,,
02/12/2014,_RTCID,,,,2564.3501,,
02/13/2014,_RTCID,,,,2571.8999,,
02/14/2014,_RTCID,,,,2579.7,,
02/17/2014,_RTCID,,,,2593.6399,,
02/18/2014,_RTCID,,,,2604.76,,
02/19/2014,_RTCID,,,,2612.5601,,
02/20/2014,_RTCID,,,,2613.8,,
02/21/2014,_RTCID,,,,2617.97,,
02/24/2014,_RTCID,,,,2616.3999,,
02/25/2014,_RTCID,,,,2613.72,,
02/26/2014,_RTCID,,,,2617.76,,
02/27/2014,_RTCID,,,,2616.3999,,
02/28/2014,_RTCID,,,,2615.96,,
03/03/2014,_RTCID,,,,2601.1699,,
03/04/2014,_RTCID,,,,2643.4299,,
03/05/2014,_RTCID,,,,2648.72,,
03/06/2014,_RTCID,,,,2657.54,,
03/07/2014,_RTCID,,,,2661.1299,,
03/10/2014,_RTCID,,,,2640.5801,,
03/11/2014,_RTCID,,,,2651.5801,,
03/12/2014,_RTCID,,,,2638.04,,
03/13/2014,_RTCID,,,,2652.79,,
03/14/2014,_RTCID,,,,2652.9099,,
03/17/2014,_RTCID,,,,2645.74,,
03/18/2014,_RTCID,,,,2631.1499,,
03/19/2014,_RTCID,,,,2637.48,,
03/20/2014,_RTCID,,,,2628.47,,
03/21/2014,_RTCID,,,,2620.0801,,
03/24/2014,_RTCID,,,,2614.76,,
03/25/2014,_RTCID,,,,2634.96,,
03/26/2014,_RTCID,,,,2640.1299,,
03/27/2014,_RTCID,,,,2643.01,,
03/28/2014,_RTCID,,,,2667.0801,,
03/31/2014,_RTCID,,,,2654.9199,,
04/01/2014,_RTCID,,,,2653.3999,,
04/02/2014,_RTCID,,,,2657.02,,
04/03/2014,_RTCID,,,,2634.96,,
04/04/2014,_RTCID,,,,2645.51,,
04/07/2014,_RTCID,,,,2646.1899,,
04/08/2014,_RTCID,,,,2649.6399,,
04/09/2014,_RTCID,,,,2642.71,,
04/10/2014,_RTCID,,,,2642.6599,,
04/11/2014,_RTCID,,,,2636.24,,
04/14/2014,_RTCID,,,,2625.47,,
04/15/2014,_RTCID,,,,2657.5,,
04/16/2014,_RTCID,,,,2673.3,,
04/17/2014,_RTCID,,,,2681.01,,
04/22/2014,_RTCID,,,,2650.6101,,
04/23/2014,_RTCID,,,,2646.54,,
04/24/2014,_RTCID,,,,2645.48,,
04/25/2014,_RTCID,,,,2657.1399,,
04/28/2014,_RTCID,,,,2652.6799,,
04/29/2014,_RTCID,,,,2653.76,,
04/30/2014,_RTCID,,,,2648.1101,,
05/01/2014,_RTCID,,,,2647.3,,
05/02/2014,_RTCID,,,,2644.1799,,
05/06/2014,_RTCID,,,,2624.1001,,
05/07/2014,_RTCID,,,,2608.8701,,
05/08/2014,_RTCID,,,,2602.8799,,
05/09/2014,_RTCID,,,,2610.5901,,
05/12/2014,_RTCID,,,,2613.73,,
05/13/2014,_RTCID,,,,2615.48,,
05/14/2014,_RTCID,,,,2625.8101,,
05/15/2014,_RTCID,,,,2614.9099,,
05/16/2014,_RTCID,,,,2614.29,,
05/19/2014,_RTCID,,,,2612.04,,
05/20/2014,_RTCID,,,,2600.1699,,
05/21/2014,_RTCID,,,,2592,,
05/22/2014,_RTCID,,,,2593.51,,
05/23/2014,_RTCID,,,,2618.49,,
05/27/2014,_RTCID,,,,2591.0801,,
05/28/2014,_RTCID,,,,2583.77,,
05/29/2014,_RTCID,,,,2569.72,,
05/30/2014,_RTCID,,,,2574.02,,
06/02/2014,_RTCID,,,,2565.3,,
06/03/2014,_RTCID,,,,2562.73,,
06/04/2014,_RTCID,,,,2559.4099,,
06/05/2014,_RTCID,,,,2566.48,,
06/06/2014,_RTCID,,,,2556.95,,
06/09/2014,_RTCID,,,,2562.0601,,
06/10/2014,_RTCID,,,,2558.8101,,
06/11/2014,_RTCID,,,,2561.5,,
06/12/2014,_RTCID,,,,2565.49,,
06/13/2014,_RTCID,,,,2545.4099,,
06/16/2014,_RTCID,,,,2561.7,,
06/17/2014,_RTCID,,,,2564.03,,
06/18/2014,_RTCID,,,,2563.3799,,
06/19/2014,_RTCID,,,,2574.21,,
06/20/2014,_RTCID,,,,2567.6599,,
06/23/2014,_RTCID,,,,2600.4099,,
06/24/2014,_RTCID,,,,2587.49,,
06/25/2014,_RTCID,,,,2575.8501,,
06/26/2014,_RTCID,,,,2581.8201,,
06/27/2014,_RTCID,,,,2587.03,,
06/30/2014,_RTCID,,,,2585.72,,
07/01/2014,_RTCID,,,,2564.6699,,
07/02/2014,_RTCID,,,,2561.0701,,
07/03/2014,_RTCID,,,,2565.3701,,
07/04/2014,_RTCID,,,,2581.3301,,
07/07/2014,_RTCID,,,,2560.3799,,
07/08/2014,_RTCID,,,,2574.2,,
07/09/2014,_RTCID,,,,2563.8,,
07/10/2014,_RTCID,,,,2543.51,,
07/11/2014,_RTCID,,,,2551.3,,
07/14/2014,_RTCID,,,,2537.27,,
07/15/2014,_RTCID,,,,2537.49,,
07/16/2014,_RTCID,,,,2536.03,,
07/17/2014,_RTCID,,,,2527.71,,
07/18/2014,_RTCID,,,,2518.8701,,
07/21/2014,_RTCID,,,,2517.96,,
07/22/2014,_RTCID,,,,2520.3401,,
07/23/2014,_RTCID,,,,2523.9199,,
07/24/2014,_RTCID,,,,2550.79,,
07/25/2014,_RTCID,,,,2554.96,,
07/28/2014,_RTCID,,,,2563.1899,,
07/29/2014,_RTCID,,,,2564.98,,
07/30/2014,_RTCID,,,,2541.3201,,
07/31/2014,_RTCID,,,,2552.01,,
08/01/2014,_RTCID,,,,2538.1799,,
08/04/2014,_RTCID,,,,2531.6899,,
08/05/2014,_RTCID,,,,2542.05,,
08/06/2014,_RTCID,,,,2523.6101,,
08/07/2014,_RTCID,,,,2524.0801,,
08/08/2014,_RTCID,,,,2529.1399,,
08/11/2014,_RTCID,,,,2514.1599,,
08/12/2014,_RTCID,,,,2510.4299,,
08/13/2014,_RTCID,,,,2500.29,,
08/14/2014,_RTCID,,,,2492.6499,,
08/15/2014,_RTCID,,,,2480.28,,
08/18/2014,_RTCID,,,,2484.45,,
08/19/2014,_RTCID,,,,2496.6699,,
08/20/2014,_RTCID,,,,2493.78,,
08/21/2014,_RTCID,,,,2499.8999,,
08/22/2014,_RTCID,,,,2513.1001,,
08/26/2014,_RTCID,,,,2501.76,,
08/27/2014,_RTCID,,,,2508.1201,,
08/28/2014,_RTCID,,,,2499.54,,
08/29/2014,_RTCID,,,,2506.9299,,
09/01/2014,_RTCID,,,,2499.52,,
09/02/2014,_RTCID,,,,2499.01,,
09/03/2014,_RTCID,,,,2496.3899,,
09/04/2014,_RTCID,,,,2473.05,,
09/05/2014,_RTCID,,,,2474.76,,
09/08/2014,_RTCID,,,,2471.22,,
09/09/2014,_RTCID,,,,2465.47,,
09/10/2014,_RTCID,,,,2453.29,,
09/11/2014,_RTCID,,,,2434.3,,
09/12/2014,_RTCID,,,,2381.6299,,
09/15/2014,_RTCID,,,,2374.3,,
09/16/2014,_RTCID,,,,2382.0901,,
09/17/2014,_RTCID,,,,2387.52,,
09/18/2014,_RTCID,,,,2400.55,,
09/19/2014,_RTCID,,,,2394.8501,,
09/22/2014,_RTCID,,,,2375.8601,,
09/23/2014,_RTCID,,,,2351.76,,
09/24/2014,_RTCID,,,,2362.3999,,
09/25/2014,_RTCID,,,,2362.8999,,
09/26/2014,_RTCID,,,,2352.1799,,
09/29/2014,_RTCID,,,,2367.78,,
09/30/2014,_RTCID,,,,2377.8999,,
10/01/2014,_RTCID,,,,2372.72,,
10/02/2014,_RTCID,,,,2365.1201,,
10/03/2014,_RTCID,,,,2382.1799,,
10/06/2014,_RTCID,,,,2395.6599,,
10/07/2014,_RTCID,,,,2413.54,,
10/08/2014,_RTCID,,,,2419.0601,,
10/09/2014,_RTCID,,,,2412.5,,
10/10/2014,_RTCID,,,,2390.9199,,
10/13/2014,_RTCID,,,,2396.3101,,
10/14/2014,_RTCID,,,,2410.1101,,
10/15/2014,_RTCID,,,,2414.3,,
10/16/2014,_RTCID,,,,2389.22,,
10/17/2014,_RTCID,,,,2403.5701,,
10/20/2014,_RTCID,,,,2400.73,,
10/21/2014,_RTCID,,,,2385.01,,
10/22/2014,_RTCID,,,,2373.1299,,
10/23/2014,_RTCID,,,,2378.53,,
10/24/2014,_RTCID,,,,2372.99,,
10/27/2014,_RTCID,,,,2378.02,,
10/28/2014,_RTCID,,,,2408.98,,
10/29/2014,_RTCID,,,,2404.54,,
10/30/2014,_RTCID,,,,2410.75,,
10/31/2014,_RTCID,,,,2410.9299,,
11/03/2014,_RTCID,,,,2407.0901,,
11/04/2014,_RTCID,,,,2404.74,,
11/05/2014,_RTCID,,,,2376.7,,
11/06/2014,_RTCID,,,,2381.0601,,
11/07/2014,_RTCID,,,,2389.3501,,
11/10/2014,_RTCID,,,,2397.3799,,
11/11/2014,_RTCID,,,,2394.6299,,
11/12/2014,_RTCID,,,,2409.78,,
11/13/2014,_RTCID,,,,2420.1799,,
11/14/2014,_RTCID,,,,2409.6101,,
11/17/2014,_RTCID,,,,2403.3601,,
11/18/2014,_RTCID,,,,2410.04,,
11/19/2014,_RTCID,,,,2398.01,,
11/20/2014,_RTCID,,,,2395.0801,,
11/21/2014,_RTCID,,,,2407.03,,
11/24/2014,_RTCID,,,,2427.0701,,
11/25/2014,_RTCID,,,,2429.5701,,
11/26/2014,_RTCID,,,,2439.97,,
11/27/2014,_RTCID,,,,2428.5701,,
11/28/2014,_RTCID,,,,2417.6899,,
12/01/2014,_RTCID,,,,2406.27,,
12/02/2014,_RTCID,,,,2408.1599,,
12/03/2014,_RTCID,,,,2401.5901,,
12/04/2014,_RTCID,,,,2394.7,,
12/05/2014,_RTCID,,,,2393.9399,,
12/08/2014,_RTCID,,,,2361.5801,,
12/09/2014,_RTCID,,,,2358.8501,,
12/10/2014,_RTCID,,,,2403.0601,,
12/11/2014,_RTCID,,,,2384.2,,
12/12/2014,_RTCID,,,,2381.72,,
12/15/2014,_RTCID,,,,2380.77,,
12/16/2014,_RTCID,,,,2369.55,,
12/17/2014,_RTCID,,,,2380.95,,
12/18/2014,_RTCID,,,,2389.6001,,
12/19/2014,_RTCID,,,,2393.3999,,
12/22/2014,_RTCID,,,,2394.8999,,
12/23/2014,_RTCID,,,,2388.3401,,
12/24/2014,_RTCID,,,,2389.72,,
12/29/2014,_RTCID,,,,2390.46,,
12/30/2014,_RTCID,,,,2389.1101,,
12/31/2014,_RTCID,,,,2393.8201,,
01/02/2015,_RTCID,,,,2394.9099,,
01/05/2015,_RTCID,,,,2380.0901,,
01/06/2015,_RTCID,,,,2418.3701,,
01/07/2015,_RTCID,,,,2416.7,,
01/08/2015,_RTCID,,,,2423.8799,,
01/09/2015,_RTCID,,,,2419.99,,
01/12/2015,_RTCID,,,,2398.0701,,
01/13/2015,_RTCID,,,,2379.04,,
01/14/2015,_RTCID,,,,2356.8899,,
01/15/2015,_RTCID,,,,2355.74,,
01/16/2015,_RTCID,,,,2358.8701,,
01/19/2015,_RTCID,,,,2364.1499,,
01/20/2015,_RTCID,,,,2362.3301,,
01/21/2015,_RTCID,,,,2361.8701,,
01/22/2015,_RTCID,,,,2368.25,,
01/23/2015,_RTCID,,,,2378.8101,,
01/26/2015,_RTCID,,,,2369.4099,,
01/27/2015,_RTCID,,,,2372.8899,,
01/28/2015,_RTCID,,,,2360.96,,
01/29/2015,_RTCID,,,,2340.9299,,
01/30/2015,_RTCID,,,,2341.8701,,
02/02/2015,_RTCID,,,,2333.1299,,
02/03/2015,_RTCID,,,,2338.26,,
02/04/2015,_RTCID,,,,2340.28,,
02/05/2015,_RTCID,,,,2346.26,,
02/06/2015,_RTCID,,,,2356.21,,
02/09/2015,_RTCID,,,,2357.29,,
02/10/2015,_RTCID,,,,2352.4199,,
02/11/2015,_RTCID,,,,2347.22,,
02/12/2015,_RTCID,,,,2344.4299,,
02/13/2015,_RTCID,,,,2351.0701,,
02/16/2015,_RTCID,,,,2352.3201,,
02/17/2015,_RTCID,,,,2366.4299,,
02/18/2015,_RTCID,,,,2361.6499,,
02/19/2015,_RTCID,,,,2357.3101,,
02/20/2015,_RTCID,,,,2351.9399,,
02/23/2015,_RTCID,,,,2345.6101,,
02/24/2015,_RTCID,,,,2339.74,,
02/25/2015,_RTCID,,,,2357.1001,,
02/26/2015,_RTCID,,,,2354.74,,
02/27/2015,_RTCID,,,,2357.73,,
03/02/2015,_RTCID,,,,2363.6399,,
03/03/2015,_RTCID,,,,2350.6001,,
03/04/2015,_RTCID,,,,2354.3101,,
03/05/2015,_RTCID,,,,2361.8401,,
03/06/2015,_RTCID,,,,2361.8401,,
03/09/2015,_RTCID,,,,2356.8999,,
03/10/2015,_RTCID,,,,2371.3701,,
03/11/2015,_RTCID,,,,2373.6299,,
03/12/2015,_RTCID,,,,2386.45,,
03/13/2015,_RTCID,,,,2385.8,,
03/16/2015,_RTCID,,,,2374.21,,
03/17/2015,_RTCID,,,,2375.0601,,
03/18/2015,_RTCID,,,,2372.3401,,
03/19/2015,_RTCID,,,,2375.6799,,
03/20/2015,_RTCID,,,,2384.46,,
03/23/2015,_RTCID,,,,2401.53,,
03/24/2015,_RTCID,,,,2390.0901,,
03/25/2015,_RTCID,,,,2378.76,,
03/26/2015,_RTCID,,,,2387.4299,,
03/27/2015,_RTCID,,,,2379.26,,
03/30/2015,_RTCID,,,,2378.5,,
03/31/2015,_RTCID,,,,2370.47,,
04/01/2015,_RTCID,,,,2364.1001,,
04/02/2015,_RTCID,,,,2379.46,,
04/07/2015,_RTCID,,,,2390.1101,,
04/08/2015,_RTCID,,,,2391.0701,,
04/09/2015,_RTCID,,,,2388.3401,,
04/10/2015,_RTCID,,,,2394.9299,,
04/13/2015,_RTCID,,,,2399.73,,
04/14/2015,_RTCID,,,,2388.75,,
04/15/2015,_RTCID,,,,2394.1899,,
04/16/2015,_RTCID,,,,2403.73,,
04/17/2015,_RTCID,,,,2390.9099,,
04/20/2015,_RTCID,,,,2391.1699,,
04/21/2015,_RTCID,,,,2382.1299,,
04/22/2015,_RTCID,,,,2376.74,,
04/23/2015,_RTCID,,,,2380.8899,,
04/24/2015,_RTCID,,,,2397,,
04/27/2015,_RTCID,,,,2396.6101,,
04/28/2015,_RTCID,,,,2389.29,,
04/29/2015,_RTCID,,,,2392.8,,
04/30/2015,_RTCID,,,,2394.7,,
05/01/2015,_RTCID,,,,2401.51,,
05/05/2015,_RTCID,,,,2392.1399,,
05/06/2015,_RTCID,,,,2374.8501,,
05/07/2015,_RTCID,,,,2356.8,,
05/08/2015,_RTCID,,,,2348.4099,,
05/11/2015,_RTCID,,,,2358.1101,,
05/12/2015,_RTCID,,,,2360.4199,,
05/13/2015,_RTCID,,,,2357.25,,
05/14/2015,_RTCID,,,,2346.8601,,
05/15/2015,_RTCID,,,,2377.7,,
05/18/2015,_RTCID,,,,2381.29,,
05/19/2015,_RTCID,,,,2383.8999,,
05/20/2015,_RTCID,,,,2385.02,,
05/21/2015,_RTCID,,,,2390.6699,,
05/22/2015,_RTCID,,,,2363.3601,,
05/26/2015,_RTCID,,,,2381.47,,
05/27/2015,_RTCID,,,,2380.5,,
05/28/2015,_RTCID,,,,2379.28,,
05/29/2015,_RTCID,,,,2379.1201,,
06/01/2015,_RTCID,,,,2380.0701,,
06/02/2015,_RTCID,,,,2411.54,,
06/03/2015,_RTCID,,,,2413.8,,
06/04/2015,_RTCID,,,,2411.46,,
06/05/2015,_RTCID,,,,2393.46,,
06/08/2015,_RTCID,,,,2431.73,,
06/09/2015,_RTCID,,,,2430.05,,
06/10/2015,_RTCID,,,,2422.3999,,
06/11/2015,_RTCID,,,,2417.8501,,
06/12/2015,_RTCID,,,,2406,,
06/15/2015,_RTCID,,,,2395.28,,
06/16/2015,_RTCID,,,,2391.3999,,
06/17/2015,_RTCID,,,,2397.28,,
06/18/2015,_RTCID,,,,2393.46,,
06/19/2015,_RTCID,,,,2405.73,,
06/22/2015,_RTCID,,,,2410.9299,,
06/23/2015,_RTCID,,,,2419.29,,
06/24/2015,_RTCID,,,,2417.8999,,
06/25/2015,_RTCID,,,,2435.55,,
06/26/2015,_RTCID,,,,2439.5901,,
06/29/2015,_RTCID,,,,2453.8999,,
06/30/2015,_RTCID,,,,2451.8,,
07/01/2015,_RTCID,,,,2474.99,,
07/02/2015,_RTCID,,,,2475.6599,,
07/03/2015,_RTCID,,,,2475.8501,,
07/06/2015,_RTCID,,,,2470.3301,,
07/07/2015,_RTCID,,,,2389.4199,,
07/08/2015,_RTCID,,,,2362.98,,
07/09/2015,_RTCID,,,,2379.23,,
07/10/2015,_RTCID,,,,2379.8899,,
07/13/2015,_RTCID,,,,2399.78,,
07/14/2015,_RTCID,,,,2403.0901,,
07/15/2015,_RTCID,,,,2413.47,,
07/16/2015,_RTCID,,,,2397.6499,,
07/17/2015,_RTCID,,,,2390.6299,,
07/20/2015,_RTCID,,,,2374.8101,,
07/21/2015,_RTCID,,,,2383.8,,
07/22/2015,_RTCID,,,,2359.3999,,
07/23/2015,_RTCID,,,,2346.77,,
07/24/2015,_RTCID,,,,2327.3,,
07/27/2015,_RTCID,,,,2304.1899,,
07/28/2015,_RTCID,,,,2301.5901,,
07/29/2015,_RTCID,,,,2306.8101,,
07/30/2015,_RTCID,,,,2311.4099,,
07/31/2015,_RTCID,,,,2302.21,,
08/03/2015,_RTCID,,,,2287.1399,,
08/04/2015,_RTCID,,,,2296.52,,
08/05/2015,_RTCID,,,,2293.49,,
08/06/2015,_RTCID,,,,2284.78,,
08/07/2015,_RTCID,,,,2277.46,,
08/10/2015,_RTCID,,,,2291.02,,
08/11/2015,_RTCID,,,,2288.46,,
08/12/2015,_RTCID,,,,2288.24,,
08/13/2015,_RTCID,,,,2279.5901,,
08/14/2015,_RTCID,,,,2279.74,,
08/17/2015,_RTCID,,,,2260.7,,
08/18/2015,_RTCID,,,,2244.9199,,
08/19/2015,_RTCID,,,,2247.4199,,
08/20/2015,_RTCID,,,,2240.28,,
08/21/2015,_RTCID,,,,2226.3201,,
08/24/2015,_RTCID,,,,2175.8701,,
08/25/2015,_RTCID,,,,2195.29,,
08/26/2015,_RTCID,,,,2185.28,,
08/27/2015,_RTCID,,,,2205.23,,
08/28/2015,_RTCID,,,,2224.3601,,
09/01/2015,_RTCID,,,,2212.6299,,
09/02/2015,_RTCID,,,,2203.8799,,
09/03/2015,_RTCID,,,,2205.99,,
09/04/2015,_RTCID,,,,2196.8701,,
09/07/2015,_RTCID,,,,2184.49,,
09/08/2015,_RTCID,,,,2195.0901,,
09/09/2015,_RTCID,,,,2231.49,,
09/10/2015,_RTCID,,,,2231.3,,
09/11/2015,_RTCID,,,,2211.5,,
09/14/2015,_RTCID,,,,2223.46,,
09/15/2015,_RTCID,,,,2220.4399,,
09/16/2015,_RTCID,,,,2256.3401,,
09/17/2015,_RTCID,,,,2251.0801,,
09/18/2015,_RTCID,,,,2241.8701,,
09/21/2015,_RTCID,,,,2227.72,,
09/22/2015,_RTCID,,,,2215.75,,
09/23/2015,_RTCID,,,,2214.21,,
09/24/2015,_RTCID,,,,2202.6699,,
09/25/2015,_RTCID,,,,2235.2,,
09/28/2015,_RTCID,,,,2230.1399,,
09/29/2015,_RTCID,,,,2221.3601,,
09/30/2015,_RTCID,,,,2231.74,,
10/01/2015,_RTCID,,,,2248.73,,
10/02/2015,_RTCID,,,,2242.3201,,
10/05/2015,_RTCID,,,,2259.5701,,
10/06/2015,_RTCID,,,,2270.6001,,
10/07/2015,_RTCID,,,,2279.71,,
10/08/2015,_RTCID,,,,2269.2,,
10/09/2015,_RTCID,,,,2297.3401,,
10/12/2015,_RTCID,,,,2306.78,,
10/13/2015,_RTCID,,,,2293.8301,,
10/14/2015,_RTCID,,,,2289.21,,
10/15/2015,_RTCID,,,,2293.54,,
10/16/2015,_RTCID,,,,2291.5901,,
10/19/2015,_RTCID,,,,2285.4299,,
10/20/2015,_RTCID,,,,2276.8501,,
10/21/2015,_RTCID,,,,2261.95,,
10/22/2015,_RTCID,,,,2275.1799,,
10/23/2015,_RTCID,,,,2292.26,,
10/26/2015,_RTCID,,,,2281.25,,
10/27/2015,_RTCID,,,,2288.25,,
10/28/2015,_RTCID,,,,2279.6299,,
10/29/2015,_RTCID,,,,2284.02,,
10/30/2015,_RTCID,,,,2281.3799,,
11/02/2015,_RTCID,,,,2280.6001,,
11/03/2015,_RTCID,,,,2289.55,,
11/04/2015,_RTCID,,,,2301.99,,
11/05/2015,_RTCID,,,,2286.8401,,
11/06/2015,_RTCID,,,,2287.8401,,
11/09/2015,_RTCID,,,,2282.29,,
11/10/2015,_RTCID,,,,2296.1799,,
11/11/2015,_RTCID,,,,2295.46,,
11/12/2015,_RTCID,,,,2294.6799,,
11/13/2015,_RTCID,,,,2281.7,,
11/16/2015,_RTCID,,,,2272.4199,,
11/17/2015,_RTCID,,,,2281.5901,,
11/18/2015,_RTCID,,,,2279.6899,,
11/19/2015,_RTCID,,,,2266,,
11/20/2015,_RTCID,,,,2290.21,,
11/23/2015,_RTCID,,,,2276.3301,,
11/24/2015,_RTCID,,,,2279.26,,
11/25/2015,_RTCID,,,,2281.6001,,
11/26/2015,_RTCID,,,,2297.21,,
11/27/2015,_RTCID,,,,2290.6899,,
11/30/2015,_RTCID,,,,2273.71,,
12/01/2015,_RTCID,,,,2277.8601,,
12/02/2015,_RTCID,,,,2288.01,,
12/03/2015,_RTCID,,,,2280.8501,,
12/04/2015,_RTCID,,,,2288.73,,
12/07/2015,_RTCID,,,,2271.74,,
12/08/2015,_RTCID,,,,2255.46,,
12/09/2015,_RTCID,,,,2258.54,,
12/10/2015,_RTCID,,,,2249.1299,,
12/11/2015,_RTCID,,,,2240.53,,
12/14/2015,_RTCID,,,,2231.3701,,
12/15/2015,_RTCID,,,,2218.8101,,
12/16/2015,_RTCID,,,,2210.5901,,
12/17/2015,_RTCID,,,,2205.3799,,
12/18/2015,_RTCID,,,,2216.8701,,
12/21/2015,_RTCID,,,,2223.05,,
12/22/2015,_RTCID,,,,2220.8799,,
12/23/2015,_RTCID,,,,2229.7,,
12/24/2015,_RTCID,,,,2230.46,,
12/28/2015,_RTCID,,,,2230.46,,
12/29/2015,_RTCID,,,,2232.8601,,
12/30/2015,_RTCID,,,,2228.03,,
12/31/2015,_RTCID,,,,2234.5801,,
01/04/2016,_RTCID,,,,2221.0701,,
01/05/2016,_RTCID,,,,2212.05,,
01/06/2016,_RTCID,,,,2195.8101,,
01/07/2016,_RTCID,,,,2169.8401,,
01/08/2016,_RTCID,,,,2173.3501,,
01/11/2016,_RTCID,,,,2158.2,,
01/12/2016,_RTCID,,,,2145.23,,
01/13/2016,_RTCID,,,,2150.79,,
01/14/2016,_RTCID,,,,2153.3101,,
01/15/2016,_RTCID,,,,2129.26,,
01/18/2016,_RTCID,,,,2136.3201,,
01/19/2016,_RTCID,,,,2146.2,,
01/20/2016,_RTCID,,,,2123.95,,
01/21/2016,_RTCID,,,,2108.74,,
01/22/2016,_RTCID,,,,2140.54,,
01/25/2016,_RTCID,,,,2137.3501,,
01/26/2016,_RTCID,,,,2130.9299,,
01/27/2016,_RTCID,,,,2100.1001,,
01/28/2016,_RTCID,,,,2098.0801,,
01/29/2016,_RTCID,,,,2104.54,,
02/01/2016,_RTCID,,,,2101.8701,,
02/02/2016,_RTCID,,,,2111.3301,,
02/03/2016,_RTCID,,,,2107.6899,,
02/04/2016,_RTCID,,,,2103.8401,,
02/05/2016,_RTCID,,,,2094.1799,,
02/08/2016,_RTCID,,,,2075.6499,,
02/09/2016,_RTCID,,,,2074.4099,,
02/10/2016,_RTCID,,,,2069.97,,
02/11/2016,_RTCID,,,,2037.9,,
02/12/2016,_RTCID,,,,2035.76,,
02/15/2016,_RTCID,,,,2040.6,,
02/16/2016,_RTCID,,,,2037.3199,,
02/17/2016,_RTCID,,,,2044.73,,
02/18/2016,_RTCID,,,,2042.25,,
02/19/2016,_RTCID,,,,2039.76,,
02/22/2016,_RTCID,,,,2062.8101,,
02/23/2016,_RTCID,,,,2069.48,,
02/24/2016,_RTCID,,,,2064.6201,,
02/25/2016,_RTCID,,,,2067.49,,
02/26/2016,_RTCID,,,,2065.03,,
02/29/2016,_RTCID,,,,2071.8,,
03/01/2016,_RTCID,,,,2080.01,,
03/02/2016,_RTCID,,,,2084.8101,,
03/03/2016,_RTCID,,,,2101.28,,
03/04/2016,_RTCID,,,,2124.5,,
03/07/2016,_RTCID,,,,2132.78,,
03/08/2016,_RTCID,,,,2123.74,,
03/09/2016,_RTCID,,,,2129.8201,,
03/10/2016,_RTCID,,,,2123.47,,
03/11/2016,_RTCID,,,,2131.8601,,
03/14/2016,_RTCID,,,,2139.1699,,
03/15/2016,_RTCID,,,,2130.45,,
03/16/2016,_RTCID,,,,2123.03,,
03/17/2016,_RTCID,,,,2144.8301,,
03/18/2016,_RTCID,,,,2164.98,,
03/21/2016,_RTCID,,,,2163.74,,
03/22/2016,_RTCID,,,,2162.05,,
03/23/2016,_RTCID,,,,2160.6101,,
03/24/2016,_RTCID,,,,2144.8,,
03/29/2016,_RTCID,,,,2130.55,,
03/30/2016,_RTCID,,,,2144.0801,,
03/31/2016,_RTCID,,,,2140.3201,,
04/01/2016,_RTCID,,,,2138.3,,
04/04/2016,_RTCID,,,,2132.78,,
04/05/2016,_RTCID,,,,2134.3101,,
04/06/2016,_RTCID,,,,2113.01,,
04/07/2016,_RTCID,,,,2107.8701,,
04/08/2016,_RTCID,,,,2117.0901,,
04/11/2016,_RTCID,,,,2126.46,,
04/12/2016,_RTCID,,,,2133.23,,
04/13/2016,_RTCID,,,,2147.0701,,
04/14/2016,_RTCID,,,,2150.8701,,
04/15/2016,_RTCID,,,,2154.24,,
04/18/2016,_RTCID,,,,2158.27,,
04/19/2016,_RTCID,,,,2171.1599,,
04/20/2016,_RTCID,,,,2193.6499,,
04/21/2016,_RTCID,,,,2215.5601,,
04/22/2016,_RTCID,,,,2204.49,,
04/25/2016,_RTCID,,,,2197.79,,
04/26/2016,_RTCID,,,,2194.3701,,
04/27/2016,_RTCID,,,,2195.95,,
04/28/2016,_RTCID,,,,2196.49,,
04/29/2016,_RTCID,,,,2205.3,,
05/03/2016,_RTCID,,,,2189.95,,
05/04/2016,_RTCID,,,,2184.1001,,
05/05/2016,_RTCID,,,,2187.3601,,
05/06/2016,_RTCID,,,,2184,,
05/09/2016,_RTCID,,,,2175.6399,,
05/10/2016,_RTCID,,,,2188.75,,
05/11/2016,_RTCID,,,,2208.77,,
05/12/2016,_RTCID,,,,2215.76,,
05/13/2016,_RTCID,,,,2204.6299,,
05/16/2016,_RTCID,,,,2210.6699,,
05/17/2016,_RTCID,,,,2229.51,,
05/18/2016,_RTCID,,,,2237.3401,,
05/19/2016,_RTCID,,,,2224.8501,,
05/20/2016,_RTCID,,,,2235.97,,
05/21/2016,_RTCID,,,,2225.53,,
05/22/2016,_RTCID,,,,2233.47,,
05/23/2016,_RTCID,,,,2225.53,,
05/24/2016,_RTCID,,,,2233.47,,
05/25/2016,_RTCID,,,,2251.54,,
05/26/2016,_RTCID,,,,2277.3501,,
05/27/2016,_RTCID,,,,2280.3301,,
05/31/2016,_RTCID,,,,2292.6699,,
06/01/2016,_RTCID,,,,2299.5701,,
06/02/2016,_RTCID,,,,2319.6001,,
06/03/2016,_RTCID,,,,2346.3,,
06/06/2016,_RTCID,,,,2354.48,,
06/07/2016,_RTCID,,,,2363.98,,
06/08/2016,_RTCID,,,,2380.0901,,
06/09/2016,_RTCID,,,,2386,,
06/10/2016,_RTCID,,,,2384.3401,,
06/13/2016,_RTCID,,,,2378.5,,
06/14/2016,_RTCID,,,,2367.27,,
06/15/2016,_RTCID,,,,2366.0701,,
06/16/2016,_RTCID,,,,2343.6699,,
06/17/2016,_RTCID,,,,2347.47,,
06/20/2016,_RTCID,,,,2360.5801,,
06/21/2016,_RTCID,,,,2360.26,,
06/22/2016,_RTCID,,,,2360.5,,
06/23/2016,_RTCID,,,,2361.6899,,
06/24/2016,_RTCID,,,,2348.23,,
06/27/2016,_RTCID,,,,2365.54,,
06/28/2016,_RTCID,,,,2382.4099,,
06/29/2016,_RTCID,,,,2375.77,,
06/30/2016,_RTCID,,,,2396.1201,,
07/01/2016,_RTCID,,,,2374.3301,,
07/04/2016,_RTCID,,,,2392.1101,,
07/05/2016,_RTCID,,,,2382.5701,,
07/06/2016,_RTCID,,,,2351.45,,
07/07/2016,_RTCID,,,,2355.3999,,
07/08/2016,_RTCID,,,,2354.8899,,
07/11/2016,_RTCID,,,,2370.0701,,
07/12/2016,_RTCID,,,,2372.4199,,
07/13/2016,_RTCID,,,,2376.24,,
07/14/2016,_RTCID,,,,2393.23,,
07/15/2016,_RTCID,,,,2394.8101,,
07/18/2016,_RTCID,,,,2375.97,,
07/19/2016,_RTCID,,,,2378.4299,,
07/20/2016,_RTCID,,,,2374.1399,,
07/21/2016,_RTCID,,,,2381.3501,,
07/22/2016,_RTCID,,,,2387.3201,,
07/25/2016,_RTCID,,,,2390.0801,,
07/26/2016,_RTCID,,,,2366.5801,,
07/27/2016,_RTCID,,,,2360.4399,,
07/28/2016,_RTCID,,,,2362.52,,
07/29/2016,_RTCID,,,,2365.3401,,
08/01/2016,_RTCID,,,,2380.03,,
08/02/2016,_RTCID,,,,2381.54,,
08/03/2016,_RTCID,,,,2398.3999,,
08/04/2016,_RTCID,,,,2407.6001,,
08/05/2016,_RTCID,,,,2421.6699,,
08/08/2016,_RTCID,,,,2425.5,,
08/09/2016,_RTCID,,,,2444.8999,,
08/10/2016,_RTCID,,,,2464.51,,
08/11/2016,_RTCID,,,,2464.6899,,
08/12/2016,_RTCID,,,,2459.27,,
08/15/2016,_RTCID,,,,2464.1399,,
08/16/2016,_RTCID,,,,2463.8799,,
08/17/2016,_RTCID,,,,2477.3101,,
08/18/2016,_RTCID,,,,2473.1599,,
08/19/2016,_RTCID,,,,2474.1201,,
08/22/2016,_RTCID,,,,2462.3201,,
08/23/2016,_RTCID,,,,2461.24,,
08/24/2016,_RTCID,,,,2460.52,,
08/25/2016,_RTCID,,,,2449.3799,,
08/26/2016,_RTCID,,,,2453.6799,,
08/30/2016,_RTCID,,,,2440.1899,,
08/31/2016,_RTCID,,,,2431.3,,
09/01/2016,_RTCID,,,,2424.6001,,
09/02/2016,_RTCID,,,,2432.4299,,
09/05/2016,_RTCID,,,,2435.1799,,
09/06/2016,_RTCID,,,,2428.6699,,
09/07/2016,_RTCID,,,,2408.8799,,
09/08/2016,_RTCID,,,,2404.97,,
09/09/2016,_RTCID,,,,2395.1101,,
09/12/2016,_RTCID,,,,2385.3101,,
09/13/2016,_RTCID,,,,2387.6799,,
09/14/2016,_RTCID,,,,2392.52,,
09/15/2016,_RTCID,,,,2383.7,,
09/16/2016,_RTCID,,,,2390.73,,
09/19/2016,_RTCID,,,,2410.6699,,
09/20/2016,_RTCID,,,,2437.1599,,
09/21/2016,_RTCID,,,,2439.8,,
09/22/2016,_RTCID,,,,2453.27,,
09/23/2016,_RTCID,,,,2450.8999,,
09/26/2016,_RTCID,,,,2433.8899,,
09/27/2016,_RTCID,,,,2440.3201,,
09/28/2016,_RTCID,,,,2447.1699,,
09/29/2016,_RTCID,,,,2453.1001,,
09/30/2016,_RTCID,,,,2452.5901,,
10/03/2016,_RTCID,,,,2452.8101,,
10/04/2016,_RTCID,,,,2456.4199,,
10/05/2016,_RTCID,,,,2457.53,,
10/06/2016,_RTCID,,,,2456.9199,,
10/07/2016,_RTCID,,,,2458.29,,
10/10/2016,_RTCID,,,,2460.0601,,
10/11/2016,_RTCID,,,,2458.28,,
10/12/2016,_RTCID,,,,2468.3701,,
10/13/2016,_RTCID,,,,2459.8601,,
10/14/2016,_RTCID,,,,2480.1101,,
10/17/2016,_RTCID,,,,2491.0801,,
10/18/2016,_RTCID,,,,2501.73,,
10/19/2016,_RTCID,,,,2495.3899,,
10/20/2016,_RTCID,,,,2505.72,,
10/21/2016,_RTCID,,,,2507.1499,,
10/24/2016,_RTCID,,,,2518.76,,
10/25/2016,_RTCID,,,,2540.1499,,
10/26/2016,_RTCID,,,,2538.5801,,
10/27/2016,_RTCID,,,,2549.21,,
10/28/2016,_RTCID,,,,2553.6399,,
10/31/2016,_RTCID,,,,2550.01,,
11/01/2016,_RTCID,,,,2538.6599,,
11/02/2016,_RTCID,,,,2502.8501,,
11/03/2016,_RTCID,,,,2502.9299,,
11/04/2016,_RTCID,,,,2498.1599,,
11/07/2016,_RTCID,,,,2518.28,,
11/08/2016,_RTCID,,,,2511.5,,
11/09/2016,_RTCID,,,,2519.71,,
11/10/2016,_RTCID,,,,2531.98,,
11/11/2016,_RTCID,,,,2535.0901,,
11/14/2016,_RTCID,,,,2524.4199,,
11/15/2016,_RTCID,,,,2520.1299,,
11/16/2016,_RTCID,,,,2530.8899,,
11/17/2016,_RTCID,,,,2530.8,,
11/18/2016,_RTCID,,,,2541.8401,,
11/21/2016,_RTCID,,,,2560.4199,,
11/22/2016,_RTCID,,,,2569.6399,,
11/23/2016,_RTCID,,,,2561.29,,
11/24/2016,_RTCID,,,,2580.8401,,
11/25/2016,_RTCID,,,,2587.6499,,
11/28/2016,_RTCID,,,,2592.74,,
11/29/2016,_RTCID,,,,2610.3799,,
11/30/2016,_RTCID,,,,2578.3201,,
12/01/2016,_RTCID,,,,2571.3899,,
12/02/2016,_RTCID,,,,2551.95,,
12/05/2016,_RTCID,,,,2562.9099,,
12/06/2016,_RTCID,,,,2557.0701,,
12/07/2016,_RTCID,,,,2574.55,,
12/08/2016,_RTCID,,,,2570.3301,,
12/09/2016,_RTCID,,,,2574.6201,,
12/12/2016,_RTCID,,,,2573.8999,,
12/13/2016,_RTCID,,,,2587.53,,
12/14/2016,_RTCID,,,,2589.6101,,
12/15/2016,_RTCID,,,,2584.4399,,
12/16/2016,_RTCID,,,,2586.3101,,
12/19/2016,_RTCID,,,,2572.05,,
12/20/2016,_RTCID,,,,2585.0801,,
12/21/2016,_RTCID,,,,2576.6201,,
12/22/2016,_RTCID,,,,2558.4199,,
12/23/2016,_RTCID,,,,2565.0601,,
12/28/2016,_RTCID,,,,2576.27,,
12/29/2016,_RTCID,,,,2579.6399,,
12/30/2016,_RTCID,,,,2578.71,,
01/03/2017,_RTCID,,,,2594.54,,
01/04/2017,_RTCID,,,,2603.1799,,
01/05/2017,_RTCID,,,,2624.1101,,
01/06/2017,_RTCID,,,,2613.8601,,
01/09/2017,_RTCID,,,,2627.76,,
01/10/2017,_RTCID,,,,2630.1599,,
01/11/2017,_RTCID,,,,2633.1699,,
01/12/2017,_RTCID,,,,2630.3799,,
01/13/2017,_RTCID,,,,2639.6799,,
01/16/2017,_RTCID,,,,2663.0901,,
01/17/2017,_RTCID,,,,2656.3201,,
01/18/2017,_RTCID,,,,2661.6499,,
01/19/2017,_RTCID,,,,2661.6299,,
01/20/2017,_RTCID,,,,2651.5901,,
01/23/2017,_RTCID,,,,2657.5701,,
01/24/2017,_RTCID,,,,2671.1899,,
01/25/2017,_RTCID,,,,2669.99,,
01/26/2017,_RTCID,,,,2672.1899,,
01/27/2017,_RTCID,,,,2670.7,,
01/30/2017,_RTCID,,,,2667.97,,
01/31/2017,_RTCID,,,,2655.6699,,
02/01/2017,_RTCID,,,,2650.6699,,
02/02/2017,_RTCID,,,,2654.0801,,
02/03/2017,_RTCID,,,,2646.6599,,
02/06/2017,_RTCID,,,,2646.8799,,
02/07/2017,_RTCID,,,,2651.5701,,
02/08/2017,_RTCID,,,,2655.5601,,
02/09/2017,_RTCID,,,,2662.8201,,
02/10/2017,_RTCID,,,,2674.3501,,
02/13/2017,_RTCID,,,,2687.27,,
02/14/2017,_RTCID,,,,2683.6101,,
02/15/2017,_RTCID,,,,2683.99,,
02/16/2017,_RTCID,,,,2687.95,,
02/17/2017,_RTCID,,,,2672.45,,
02/20/2017,_RTCID,,,,2678.0801,,
02/21/2017,_RTCID,,,,2675.1799,,
02/22/2017,_RTCID,,,,2676.6101,,
02/23/2017,_RTCID,,,,2670.2,,
02/24/2017,_RTCID,,,,2651.1201,,
02/27/2017,_RTCID,,,,2643.6001,,
02/28/2017,_RTCID,,,,2629.24,,
03/01/2017,_RTCID,,,,2654.8899,,
03/02/2017,_RTCID,,,,2661.3301,,
03/03/2017,_RTCID,,,,2660.0601,,
03/06/2017,_RTCID,,,,2649.3601,,
03/07/2017,_RTCID,,,,2641.3999,,
03/08/2017,_RTCID,,,,2616.8899,,
03/09/2017,_RTCID,,,,2644.2,,
03/10/2017,_RTCID,,,,2642.7,,
03/13/2017,_RTCID,,,,2646.77,,
03/14/2017,_RTCID,,,,2629.5901,,
03/15/2017,_RTCID,,,,2637.0701,,
03/16/2017,_RTCID,,,,2643.8101,,
03/17/2017,_RTCID,,,,2649.6101,,
03/20/2017,_RTCID,,,,2655.3701,,
03/21/2017,_RTCID,,,,2635.6599,,
03/22/2017,_RTCID,,,,2624.5,,
03/23/2017,_RTCID,,,,2624.0901,,
03/24/2017,_RTCID,,,,2619.79,,
03/27/2017,_RTCID,,,,2592.6001,,
03/28/2017,_RTCID,,,,2569.1101,,
03/29/2017,_RTCID,,,,2580.78,,
03/30/2017,_RTCID,,,,2558.71,,
03/31/2017,_RTCID,,,,2544.3,,
04/03/2017,_RTCID,,,,2547.3701,,
04/04/2017,_RTCID,,,,2533.6799,,
04/05/2017,_RTCID,,,,2544.8999,,
04/06/2017,_RTCID,,,,2546.3301,,
04/07/2017,_RTCID,,,,2538.4299,,
04/10/2017,_RTCID,,,,2528.6799,,
04/11/2017,_RTCID,,,,2520.3301,,
04/12/2017,_RTCID,,,,2512.25,,
04/13/2017,_RTCID,,,,2525.1599,,
04/18/2017,_RTCID,,,,2515.5701,,
04/19/2017,_RTCID,,,,2499.9399,,
04/20/2017,_RTCID,,,,2495.29,,
04/21/2017,_RTCID,,,,2496.8401,,
04/24/2017,_RTCID,,,,2486.3201,,
04/25/2017,_RTCID,,,,2470.26,,
04/26/2017,_RTCID,,,,2457.71,,
04/27/2017,_RTCID,,,,2457.9299,,
04/28/2017,_RTCID,,,,2454.1001,,
05/02/2017,_RTCID,,,,2475.3999,,
05/03/2017,_RTCID,,,,2470.8501,,
05/04/2017,_RTCID,,,,2453.95,,
05/05/2017,_RTCID,,,,2434.48,,
05/08/2017,_RTCID,,,,2433.47,,
05/09/2017,_RTCID,,,,2455.2,,
05/10/2017,_RTCID,,,,2450.8201,,
05/11/2017,_RTCID,,,,2463.8501,,
05/12/2017,_RTCID,,,,2447.9399,,
05/15/2017,_RTCID,,,,2450.2,,
05/16/2017,_RTCID,,,,2435.1101,,
05/17/2017,_RTCID,,,,2432.6899,,
05/18/2017,_RTCID,,,,2408.5901,,
05/19/2017,_RTCID,,,,2410.77,,
05/22/2017,_RTCID,,,,2423.3101,,
05/23/2017,_RTCID,,,,2412.8899,,
05/24/2017,_RTCID,,,,2405.1101,,
05/25/2017,_RTCID,,,,2390.0601,,
05/26/2017,_RTCID,,,,2393.45,,
05/30/2017,_RTCID,,,,2384.3701,,
05/31/2017,_RTCID,,,,2381.8201,,
06/01/2017,_RTCID,,,,2368.46,,
06/02/2017,_RTCID,,,,2347.4399,,
06/05/2017,_RTCID,,,,2345.29,,
06/06/2017,_RTCID,,,,2337.8401,,
06/07/2017,_RTCID,,,,2345.23,,
06/08/2017,_RTCID,,,,2341.96,,
06/09/2017,_RTCID,,,,2354.6899,,
06/12/2017,_RTCID,,,,2347.71,,
06/13/2017,_RTCID,,,,2337.9099,,
06/14/2017,_RTCID,,,,2340.6101,,
06/15/2017,_RTCID,,,,2353.22,,
06/16/2017,_RTCID,,,,2352.0901,,
06/19/2017,_RTCID,,,,2395.8701,,
06/20/2017,_RTCID,,,,2387.1499,,
06/21/2017,_RTCID,,,,2376.46,,
06/22/2017,_RTCID,,,,2364.49,,
06/23/2017,_RTCID,,,,2355.9199,,
06/26/2017,_RTCID,,,,2365.3501,,
06/27/2017,_RTCID,,,,2364.3701,,
06/28/2017,_RTCID,,,,2365.5901,,
06/29/2017,_RTCID,,,,2368.55,,
06/30/2017,_RTCID,,,,2388.79,,
07/03/2017,_RTCID,,,,2420.01,,
07/04/2017,_RTCID,,,,2419.8401,,
07/05/2017,_RTCID,,,,2408.3701,,
07/06/2017,_RTCID,,,,2404.47,,
07/07/2017,_RTCID,,,,2392.8999,,
07/10/2017,_RTCID,,,,2393.1499,,
07/11/2017,_RTCID,,,,2389.3401,,
07/12/2017,_RTCID,,,,2408.5901,,
07/13/2017,_RTCID,,,,2406.8501,,
07/14/2017,_RTCID,,,,2399.6899,,
07/17/2017,_RTCID,,,,2408.76,,
07/18/2017,_RTCID,,,,2379.6599,,
07/19/2017,_RTCID,,,,2394.29,,
07/20/2017,_RTCID,,,,2417.53,,
07/21/2017,_RTCID,,,,2416.0701,,
07/24/2017,_RTCID,,,,2399.8301,,
07/25/2017,_RTCID,,,,2403.3701,,
07/26/2017,_RTCID,,,,2417.25,,
07/27/2017,_RTCID,,,,2419.1101,,
07/28/2017,_RTCID,,,,2409.05,,
07/31/2017,_RTCID,,,,2419.99,,
08/01/2017,_RTCID,,,,2419.4099,,
08/02/2017,_RTCID,,,,2391.79,,
08/03/2017,_RTCID,,,,2408,,
08/04/2017,_RTCID,,,,2405.72,,
08/07/2017,_RTCID,,,,2405.8401,,
08/08/2017,_RTCID,,,,2432.6299,,
08/09/2017,_RTCID,,,,2447.6201,,
08/10/2017,_RTCID,,,,2446.24,,
08/11/2017,_RTCID,,,,2399.6001,,
08/14/2017,_RTCID,,,,2391.24,,
08/15/2017,_RTCID,,,,2392.6499,,
08/16/2017,_RTCID,,,,2396.46,,
08/17/2017,_RTCID,,,,2405.3501,,
08/18/2017,_RTCID,,,,2405.1599,,
08/21/2017,_RTCID,,,,2411.6599,,
08/22/2017,_RTCID,,,,2396.1499,,
08/23/2017,_RTCID,,,,2389.72,,
08/24/2017,_RTCID,,,,2388.6499,,
08/25/2017,_RTCID,,,,2397.1299,,
08/29/2017,_RTCID,,,,2382.6299,,
08/30/2017,_RTCID,,,,2385.3401,,
08/31/2017,_RTCID,,,,2388.5,,
09/01/2017,_RTCID,,,,2397.6599,,
09/04/2017,_RTCID,,,,2410.23,,
09/05/2017,_RTCID,,,,2416.23,,
09/06/2017,_RTCID,,,,2414.4199,,
09/07/2017,_RTCID,,,,2411.6699,,
09/08/2017,_RTCID,,,,2397.04,,
09/11/2017,_RTCID,,,,2393.8701,,
09/12/2017,_RTCID,,,,2385.5801,,
09/13/2017,_RTCID,,,,2380.22,,
09/14/2017,_RTCID,,,,2382.95,,
09/15/2017,_RTCID,,,,2387.5801,,
09/18/2017,_RTCID,,,,2393.4199,,
09/19/2017,_RTCID,,,,2395.48,,
09/20/2017,_RTCID,,,,2399.3201,,
09/21/2017,_RTCID,,,,2406.5801,,
09/22/2017,_RTCID,,,,2410.3101,,
09/25/2017,_RTCID,,,,2412.8301,,
09/26/2017,_RTCID,,,,2420.5,,
09/27/2017,_RTCID,,,,2414.6899,,
09/28/2017,_RTCID,,,,2402.6599,,
09/29/2017,_RTCID,,,,2407.96,,
10/02/2017,_RTCID,,,,2415.4299,,
10/03/2017,_RTCID,,,,2421.98,,
10/04/2017,_RTCID,,,,2431.8,,
10/05/2017,_RTCID,,,,2431.98,,
10/06/2017,_RTCID,,,,2428.48,,
10/09/2017,_RTCID,,,,2423.24,,
10/10/2017,_RTCID,,,,2408.5901,,
10/11/2017,_RTCID,,,,2406.48,,
10/12/2017,_RTCID,,,,2411.7,,
10/13/2017,_RTCID,,,,2415.03,,
10/16/2017,_RTCID,,,,2427.4399,,
10/17/2017,_RTCID,,,,2412.53,,
10/18/2017,_RTCID,,,,2409.78,,
10/19/2017,_RTCID,,,,2398.1499,,
10/20/2017,_RTCID,,,,2406.6399,,
10/23/2017,_RTCID,,,,2397.6699,,
10/24/2017,_RTCID,,,,2409.9199,,
10/25/2017,_RTCID,,,,2412.29,,
10/26/2017,_RTCID,,,,2417.96,,
10/27/2017,_RTCID,,,,2419.53,,
10/30/2017,_RTCID,,,,2434.1101,,
10/31/2017,_RTCID,,,,2441.9399,,
11/01/2017,_RTCID,,,,2432.21,,
11/02/2017,_RTCID,,,,2433.8301,,
11/03/2017,_RTCID,,,,2433.6299,,
11/06/2017,_RTCID,,,,2442.0701,,
11/07/2017,_RTCID,,,,2442.96,,
11/08/2017,_RTCID,,,,2443.76,,
11/09/2017,_RTCID,,,,2445.79,,
11/10/2017,_RTCID,,,,2447.21,,
11/13/2017,_RTCID,,,,2434.6001,,
11/14/2017,_RTCID,,,,2434.9199,,
11/15/2017,_RTCID,,,,2413.5801,,
11/16/2017,_RTCID,,,,2423.0801,,
11/17/2017,_RTCID,,,,2421.0901,,
11/20/2017,_RTCID,,,,2421.4399,,
11/21/2017,_RTCID,,,,2415.26,,
11/22/2017,_RTCID,,,,2424.3601,,
11/23/2017,_RTCID,,,,2424.27,,
11/24/2017,_RTCID,,,,2429.51,,
11/27/2017,_RTCID,,,,2418.1499,,
11/28/2017,_RTCID,,,,2398.47,,
11/29/2017,_RTCID,,,,2401.8601,,
11/30/2017,_RTCID,,,,2405.6201,,
12/01/2017,_RTCID,,,,2406.51,,
12/04/2017,_RTCID,,,,2422,,
12/05/2017,_RTCID,,,,2415.05,,
12/06/2017,_RTCID,,,,2402.97,,
12/07/2017,_RTCID,,,,2386.0901,,
12/08/2017,_RTCID,,,,2376.0801,,
12/11/2017,_RTCID,,,,2369.47,,
12/12/2017,_RTCID,,,,2372.8101,,
12/13/2017,_RTCID,,,,2361.3201,,
12/14/2017,_RTCID,,,,2363.3899,,
12/15/2017,_RTCID,,,,2362.02,,
12/18/2017,_RTCID,,,,2366.23,,
12/19/2017,_RTCID,,,,2360.9399,,
12/20/2017,_RTCID,,,,2365.4299,,
12/21/2017,_RTCID,,,,2363.7,,
12/22/2017,_RTCID,,,,2364.5701,,
12/27/2017,_RTCID,,,,2386.79,,
12/28/2017,_RTCID,,,,2377.1899,,
12/29/2017,_RTCID,,,,2371.8401,,
01/02/2018,_RTCID,,,,2377.8101,,
01/03/2018,_RTCID,,,,2386.3401,,
01/04/2018,_RTCID,,,,2396.23,,
01/05/2018,_RTCID,,,,2400.6899,,
01/08/2018,_RTCID,,,,2401.22,,
01/09/2018,_RTCID,,,,2402.21,,
01/10/2018,_RTCID,,,,2401.5,,
01/11/2018,_RTCID,,,,2408.9099,,
01/12/2018,_RTCID,,,,2385.1499,,
01/15/2018,_RTCID,,,,2372.6101,,
01/16/2018,_RTCID,,,,2358.72,,
01/17/2018,_RTCID,,,,2345.1499,,
01/18/2018,_RTCID,,,,2345.22,,
01/19/2018,_RTCID,,,,2345.54,,
01/22/2018,_RTCID,,,,2342.03,,
01/23/2018,_RTCID,,,,2329.51,,
01/24/2018,_RTCID,,,,2329.0701,,
01/25/2018,_RTCID,,,,2335.0901,,
01/26/2018,_RTCID,,,,2337.4299,,
01/29/2018,_RTCID,,,,2348.8999,,
01/30/2018,_RTCID,,,,2346.4399,,
01/31/2018,_RTCID,,,,2348.73,,
02/01/2018,_RTCID,,,,2344.5801,,
02/02/2018,_RTCID,,,,2330.3201,,
02/05/2018,_RTCID,,,,2325.8301,,
02/06/2018,_RTCID,,,,2324.6699,,
02/07/2018,_RTCID,,,,2330.2,,
02/08/2018,_RTCID,,,,2330.3,,
02/09/2018,_RTCID,,,,2319.8,,
02/12/2018,_RTCID,,,,2328.8,,
02/13/2018,_RTCID,,,,2333.3501,,
02/14/2018,_RTCID,,,,2342.05,,
02/15/2018,_RTCID,,,,2344.3999,,
02/16/2018,_RTCID,,,,2341.8301,,
02/19/2018,_RTCID,,,,2338.25,,
02/20/2018,_RTCID,,,,2339.3899,,
02/21/2018,_RTCID,,,,2342.6001,,
02/22/2018,_RTCID,,,,2335.52,,
02/23/2018,_RTCID,,,,2351.52,,
02/26/2018,_RTCID,,,,2363.29,,
02/27/2018,_RTCID,,,,2367.1799,,
02/28/2018,_RTCID,,,,2353.21,,
03/01/2018,_RTCID,,,,2356.4099,,
03/02/2018,_RTCID,,,,2357.3301,,
03/05/2018,_RTCID,,,,2340.77,,
03/06/2018,_RTCID,,,,2359.74,,
03/07/2018,_RTCID,,,,2344.3799,,
03/08/2018,_RTCID,,,,2327.0801,,
03/09/2018,_RTCID,,,,2327.3101,,
03/12/2018,_RTCID,,,,2331.5801,,
03/13/2018,_RTCID,,,,2331.77,,
03/14/2018,_RTCID,,,,2336.5601,,
03/15/2018,_RTCID,,,,2326.8501,,
03/16/2018,_RTCID,,,,2323.6799,,
03/19/2018,_RTCID,,,,2310.77,,
03/20/2018,_RTCID,,,,2305.3401,,
03/21/2018,_RTCID,,,,2297.27,,
03/22/2018,_RTCID,,,,2303.1799,,
03/23/2018,_RTCID,,,,2287.1799,,
03/26/2018,_RTCID,,,,2279.77,,
03/27/2018,_RTCID,,,,2285.5901,,
03/28/2018,_RTCID,,,,2288.1201,,
03/29/2018,_RTCID,,,,2293.6699,,
04/03/2018,_RTCID,,,,2304.1201,,
04/04/2018,_RTCID,,,,2289.22,,
04/05/2018,_RTCID,,,,2307.24,,
04/06/2018,_RTCID,,,,2302.9199,,
04/09/2018,_RTCID,,,,2304.6699,,
04/10/2018,_RTCID,,,,2323.79,,
04/11/2018,_RTCID,,,,2313.0901,,
04/12/2018,_RTCID,,,,2302.6599,,
04/13/2018,_RTCID,,,,2263.0801,,
04/16/2018,_RTCID,,,,2241.73,,
04/17/2018,_RTCID,,,,2234.52,,
04/18/2018,_RTCID,,,,2246.3701,,
04/19/2018,_RTCID,,,,2255.1799,,
04/20/2018,_RTCID,,,,2310.51,,
04/23/2018,_RTCID,,,,2301.51,,
04/24/2018,_RTCID,,,,2291.75,,
04/25/2018,_RTCID,,,,2280.99,,
04/26/2018,_RTCID,,,,2272.53,,
04/27/2018,_RTCID,,,,2239.79,,
04/30/2018,_RTCID,,,,2294.1599,,
05/01/2018,_RTCID,,,,2293.8101,,
05/02/2018,_RTCID,,,,2296.5701,,
05/03/2018,_RTCID,,,,2309.8601,,
05/04/2018,_RTCID,,,,2311.52,,
05/08/2018,_RTCID,,,,2298.55,,
05/09/2018,_RTCID,,,,2302.3899,,
05/10/2018,_RTCID,,,,2305.1799,,
05/11/2018,_RTCID,,,,2300.4099,,
05/14/2018,_RTCID,,,,2283.22,,
05/15/2018,_RTCID,,,,2277.8999,,
05/16/2018,_RTCID,,,,2278.95,,
05/17/2018,_RTCID,,,,2283.27,,
05/18/2018,_RTCID,,,,2281.6799,,
05/21/2018,_RTCID,,,,2303.1699,,
05/22/2018,_RTCID,,,,2317.27,,
05/23/2018,_RTCID,,,,2320.8301,,
05/24/2018,_RTCID,,,,2332.0901,,
05/25/2018,_RTCID,,,,2345.8601,,
05/29/2018,_RTCID,,,,2349.8701,,
05/30/2018,_RTCID,,,,2350.72,,
05/31/2018,_RTCID,,,,2329.29,,
06/01/2018,_RTCID,,,,2332.4399,,
06/04/2018,_RTCID,,,,2355.6599,,
06/05/2018,_RTCID,,,,2366.0901,,
06/06/2018,_RTCID,,,,2388.53,,
06/07/2018,_RTCID,,,,2388.03,,
06/08/2018,_RTCID,,,,2375.73,,
06/11/2018,_RTCID,,,,2396.9199,,
06/12/2018,_RTCID,,,,2384.1499,,
06/13/2018,_RTCID,,,,2399.6699,,
06/14/2018,_RTCID,,,,2396.0701,,
06/15/2018,_RTCID,,,,2379.48,,
06/18/2018,_RTCID,,,,2371.1699,,
06/19/2018,_RTCID,,,,2348.6799,,
06/20/2018,_RTCID,,,,2333.3899,,
06/21/2018,_RTCID,,,,2347.4299,,
06/22/2018,_RTCID,,,,2347.49,,
06/25/2018,_RTCID,,,,2322.9299,,
06/26/2018,_RTCID,,,,2307.4199,,
06/27/2018,_RTCID,,,,2303.79,,
06/28/2018,_RTCID,,,,2323.72,,
06/29/2018,_RTCID,,,,2335.29,,
07/02/2018,_RTCID,,,,2331.8601,,
07/03/2018,_RTCID,,,,2329.52,,
07/04/2018,_RTCID,,,,2303.25,,
07/05/2018,_RTCID,,,,2310.55,,
07/06/2018,_RTCID,,,,2309.3501,,
07/09/2018,_RTCID,,,,2309.8501,,
07/10/2018,_RTCID,,,,2305.6001,,
07/11/2018,_RTCID,,,,2278.5,,
07/12/2018,_RTCID,,,,2263.3501,,
07/13/2018,_RTCID,,,,2272.0601,,
07/16/2018,_RTCID,,,,2263.1101,,
07/17/2018,_RTCID,,,,2268.5701,,
07/18/2018,_RTCID,,,,2268.1799,,
07/19/2018,_RTCID,,,,2264.02,,
07/20/2018,_RTCID,,,,2275.8999,,
07/23/2018,_RTCID,,,,2293.8999,,
07/24/2018,_RTCID,,,,2295.3101,,
07/25/2018,_RTCID,,,,2312.3799,,
07/26/2018,_RTCID,,,,2338.45,,
07/27/2018,_RTCID,,,,2327.99,,
07/30/2018,_RTCID,,,,2315.4399,,
07/31/2018,_RTCID,,,,2327.04,,
08/01/2018,_RTCID,,,,2322.1799,,
08/02/2018,_RTCID,,,,2336.05,,
08/03/2018,_RTCID,,,,2341.79,,
08/06/2018,_RTCID,,,,2335.79,,
08/07/2018,_RTCID,,,,2360.9299,,
08/08/2018,_RTCID,,,,2362.1201,,
08/09/2018,_RTCID,,,,2359.05,,
08/10/2018,_RTCID,,,,2357.99,,
08/13/2018,_RTCID,,,,2339.2,,
08/14/2018,_RTCID,,,,2335.28,,
08/15/2018,_RTCID,,,,2315.76,,
08/16/2018,_RTCID,,,,2320.49,,
08/17/2018,_RTCID,,,,2331.1399,,
08/20/2018,_RTCID,,,,2335.1001,,
08/21/2018,_RTCID,,,,2327.8401,,
08/22/2018,_RTCID,,,,2320.05,,
08/23/2018,_RTCID,,,,2310.1799,,
08/24/2018,_RTCID,,,,2314.47,,
08/28/2018,_RTCID,,,,2296.02,,
08/29/2018,_RTCID,,,,2298.6001,,
08/30/2018,_RTCID,,,,2303.3999,,
08/31/2018,_RTCID,,,,2308.8,,
09/03/2018,_RTCID,,,,2313.8799,,
09/04/2018,_RTCID,,,,2305.78,,
09/05/2018,_RTCID,,,,2297.9399,,
09/06/2018,_RTCID,,,,2303.2,,
09/07/2018,_RTCID,,,,2297.01,,
09/10/2018,_RTCID,,,,2293.8999,,
09/11/2018,_RTCID,,,,2290.03,,
09/12/2018,_RTCID,,,,2294.6101,,
09/13/2018,_RTCID,,,,2299.3899,,
09/14/2018,_RTCID,,,,2296.0701,,
09/17/2018,_RTCID,,,,2283.3301,,
09/18/2018,_RTCID,,,,2292.8601,,
09/19/2018,_RTCID,,,,2286.2,,
09/20/2018,_RTCID,,,,2284.98,,
09/21/2018,_RTCID,,,,2296.3401,,
09/24/2018,_RTCID,,,,2305.3401,,
09/25/2018,_RTCID,,,,2295.6399,,
09/26/2018,_RTCID,,,,2305.4199,,
09/27/2018,_RTCID,,,,2313.8301,,
09/28/2018,_RTCID,,,,2318.1201,,
10/01/2018,_RTCID,,,,2325.1499,,
10/02/2018,_RTCID,,,,2339.77,,
10/03/2018,_RTCID,,,,2357.4299,,
10/04/2018,_RTCID,,,,2362.05,,
10/05/2018,_RTCID,,,,2364.49,,
10/08/2018,_RTCID,,,,2384.47,,
10/09/2018,_RTCID,,,,2394.1299,,
10/10/2018,_RTCID,,,,2396.96,,
10/11/2018,_RTCID,,,,2380.7,,
10/12/2018,_RTCID,,,,2393.9199,,
10/15/2018,_RTCID,,,,2410.75,,
10/16/2018,_RTCID,,,,2416.8301,,
10/17/2018,_RTCID,,,,2413.29,,
10/18/2018,_RTCID,,,,2414.28,,
10/19/2018,_RTCID,,,,2407.1001,,
10/22/2018,_RTCID,,,,2422.27,,
10/23/2018,_RTCID,,,,2410.76,,
10/24/2018,_RTCID,,,,2415.5801,,
10/25/2018,_RTCID,,,,2415.4299,,
10/26/2018,_RTCID,,,,2415.1101,,
10/29/2018,_RTCID,,,,2413.97,,
10/30/2018,_RTCID,,,,2386.27,,
10/31/2018,_RTCID,,,,2367.4099,,
11/01/2018,_RTCID,,,,2363.71,,
11/02/2018,_RTCID,,,,2381.24,,
11/05/2018,_RTCID,,,,2383.21,,
11/06/2018,_RTCID,,,,2370.8301,,
11/07/2018,_RTCID,,,,2370.27,,
11/08/2018,_RTCID,,,,2375.98,,
11/09/2018,_RTCID,,,,2380.71,,
11/12/2018,_RTCID,,,,2381.02,,
11/13/2018,_RTCID,,,,2382,,
11/14/2018,_RTCID,,,,2375.6201,,
11/15/2018,_RTCID,,,,2386.53,,
11/16/2018,_RTCID,,,,2382.8,,
11/19/2018,_RTCID,,,,2385.8501,,
11/20/2018,_RTCID,,,,2388.27,,
11/21/2018,_RTCID,,,,2379.4299,,
11/22/2018,_RTCID,,,,2381.0901,,
11/23/2018,_RTCID,,,,2384.6799,,
11/26/2018,_RTCID,,,,2372.3101,,
11/27/2018,_RTCID,,,,2364.24,,
11/28/2018,_RTCID,,,,2371.71,,
11/29/2018,_RTCID,,,,2378.49,,
11/30/2018,_RTCID,,,,2378.1201,,
12/03/2018,_RTCID,,,,2389.22,,
12/04/2018,_RTCID,,,,2391.1299,,
12/05/2018,_RTCID,,,,2380.5,,
12/06/2018,_RTCID,,,,2364.5601,,
12/07/2018,_RTCID,,,,2369.8501,,
12/10/2018,_RTCID,,,,2370.02,,
12/11/2018,_RTCID,,,,2371.8799,,
12/12/2018,_RTCID,,,,2374.78,,
12/13/2018,_RTCID,,,,2379.1201,,
12/14/2018,_RTCID,,,,2375.8401,,
12/17/2018,_RTCID,,,,2367.97,,
12/18/2018,_RTCID,,,,2370.9199,,
12/19/2018,_RTCID,,,,2370.26,,
12/20/2018,_RTCID,,,,2378.05,,
12/21/2018,_RTCID,,,,2366.96,,
12/24/2018,_RTCID,,,,2359.78,,
12/27/2018,_RTCID,,,,2362.76,,
12/28/2018,_RTCID,,,,2370.95,,
12/31/2018,_RTCID,,,,2371.6299,,
01/01/2019,_RTCID,,,,2372.8701,,
01/02/2019,_RTCID,,,,2368.1101,,
01/03/2019,_RTCID,,,,2369.8101,,
01/04/2019,_RTCID,,,,2380.01,,
01/07/2019,_RTCID,,,,2381.29,,
01/08/2019,_RTCID,,,,2390.75,,
01/09/2019,_RTCID,,,,2402.4299,,
01/10/2019,_RTCID,,,,2396.3999,,
01/11/2019,_RTCID,,,,2389.1399,,
01/14/2019,_RTCID,,,,2397.3999,,
01/15/2019,_RTCID,,,,2393.79,,
01/16/2019,_RTCID,,,,2379.77,,
01/17/2019,_RTCID,,,,2373.45,,
01/18/2019,_RTCID,,,,2379.99,,
