Ticker,Name,Series Type,Currency,Country,Sector,Industry,Sic,Exchange,Cik,Fiscal_End,Units,Scale,Flow,Adjustment,Periodicity,Metadata,Corporate_History
IGGBR10D,United Kingdom 10-year Government Bond Yield,Government Bond Yields,United Kingdom Pound,United Kingdom,,,,,,,Percent per Annum,Units,Stock,none,Monthly From Jul 1700 To Jun 1934<BR>Daily From Jul 1934 To Jan 2019<BR>,"Sources: Central Statistical Office, Annual Abstract of Statistics, London: CSO (1853-), the Financial Times, and the Bank of England. <br />Several sources are used for the yield on British government securities.  From July 1700 until June 1729, the dividend yield on Million Bank stock is used, assuming a dividend of 6% through 1716, and 5% from 1717 through 1729.  This is used because the Million Bank (MLBK1-LO) had been taken over by the government and the bank acted as a mutual fund that owned a large portion of government paper.  It provides the best proxy for a risk-free government bond during that period, according to Larry Neal. From July 1729 through July 1753, the 3% annuities\\\` yield is used, and from August 1753 on, the British consol is used.  The British consol paid 3% from August 1753 until December 1888, 2 3/4% from 1889 through 1906, and 2 1/2% beginning in 1907. The United Kingdom 2.5% Consolidated Loan (BGGBR25C-LO) is used from July 1729 to June 2015 when the British government called in all outstanding perpetuities. <br />The United Kingdom 3% Funding Loan of 1934 (Redeemable 1959-1969) (BGGBR3F59-LO) is used from July 1934 until July 1947 and the United Kingdom 2.50% Treasury Bonds of 1947 (Redeemable after 1975) (BGGBR25T-LO) is used from August 1947 until December 1978.  The Bank of England\`s index of 10-year bonds is used from January 1979 to date.<br />The benchmark bond is used for this series.  The benchmark bond is the bond that is closest to the stated maturity without exceeding it.  When the government issues a new bond of the stated maturity, it replaces the bond used for the index to keep the maturity as close to the stated time period as possible.  Depending on how much of a difference there is in maturities, there may be some adjustment in the yield when the new bond is introduced.",
Date,Ticker,Open,High,Low,Close,Volume,Openint
01/02/2009,IGGBR10D,,,,3.035,,
01/05/2009,IGGBR10D,,,,3.154,,
01/06/2009,IGGBR10D,,,,3.261,,
01/07/2009,IGGBR10D,,,,3.285,,
01/08/2009,IGGBR10D,,,,3.22,,
01/09/2009,IGGBR10D,,,,3.135,,
01/12/2009,IGGBR10D,,,,3.139,,
01/13/2009,IGGBR10D,,,,3.207,,
01/14/2009,IGGBR10D,,,,3.12,,
01/15/2009,IGGBR10D,,,,3.14,,
01/16/2009,IGGBR10D,,,,3.297,,
01/19/2009,IGGBR10D,,,,3.429,,
01/20/2009,IGGBR10D,,,,3.515,,
01/21/2009,IGGBR10D,,,,3.444,,
01/23/2009,IGGBR10D,,,,3.686,,
01/26/2009,IGGBR10D,,,,3.696,,
01/27/2009,IGGBR10D,,,,3.668,,
01/28/2009,IGGBR10D,,,,3.644,,
01/29/2009,IGGBR10D,,,,3.687,,
01/30/2009,IGGBR10D,,,,3.704,,
02/02/2009,IGGBR10D,,,,3.696,,
02/03/2009,IGGBR10D,,,,3.749,,
02/04/2009,IGGBR10D,,,,3.772,,
02/05/2009,IGGBR10D,,,,3.717,,
02/06/2009,IGGBR10D,,,,3.735,,
02/09/2009,IGGBR10D,,,,3.965,,
02/10/2009,IGGBR10D,,,,3.853,,
02/11/2009,IGGBR10D,,,,3.612,,
02/12/2009,IGGBR10D,,,,3.477,,
02/13/2009,IGGBR10D,,,,3.558,,
02/16/2009,IGGBR10D,,,,3.496,,
02/17/2009,IGGBR10D,,,,3.415,,
02/18/2009,IGGBR10D,,,,3.388,,
02/19/2009,IGGBR10D,,,,3.509,,
02/20/2009,IGGBR10D,,,,3.415,,
02/23/2009,IGGBR10D,,,,3.458,,
02/24/2009,IGGBR10D,,,,3.415,,
02/25/2009,IGGBR10D,,,,3.458,,
02/26/2009,IGGBR10D,,,,3.641,,
02/27/2009,IGGBR10D,,,,3.623,,
03/02/2009,IGGBR10D,,,,3.56,,
03/03/2009,IGGBR10D,,,,3.557,,
03/04/2009,IGGBR10D,,,,3.643,,
03/05/2009,IGGBR10D,,,,3.358,,
03/06/2009,IGGBR10D,,,,3.064,,
03/09/2009,IGGBR10D,,,,3.127,,
03/10/2009,IGGBR10D,,,,3.113,,
03/12/2009,IGGBR10D,,,,2.951,,
03/13/2009,IGGBR10D,,,,2.949,,
03/16/2009,IGGBR10D,,,,3.034,,
03/17/2009,IGGBR10D,,,,3.07,,
03/18/2009,IGGBR10D,,,,3.114,,
03/19/2009,IGGBR10D,,,,3.034,,
03/20/2009,IGGBR10D,,,,3.028,,
03/23/2009,IGGBR10D,,,,3.137,,
03/24/2009,IGGBR10D,,,,3.333,,
03/25/2009,IGGBR10D,,,,3.281,,
03/26/2009,IGGBR10D,,,,3.31,,
03/27/2009,IGGBR10D,,,,3.286,,
03/30/2009,IGGBR10D,,,,3.179,,
03/31/2009,IGGBR10D,,,,3.166,,
04/01/2009,IGGBR10D,,,,3.131,,
04/02/2009,IGGBR10D,,,,3.373,,
04/03/2009,IGGBR10D,,,,3.424,,
04/06/2009,IGGBR10D,,,,3.442,,
04/07/2009,IGGBR10D,,,,3.441,,
04/08/2009,IGGBR10D,,,,3.351,,
04/09/2009,IGGBR10D,,,,3.285,,
04/14/2009,IGGBR10D,,,,3.212,,
04/15/2009,IGGBR10D,,,,3.257,,
04/16/2009,IGGBR10D,,,,3.238,,
04/17/2009,IGGBR10D,,,,3.357,,
04/20/2009,IGGBR10D,,,,3.215,,
04/21/2009,IGGBR10D,,,,3.311,,
04/22/2009,IGGBR10D,,,,3.446,,
04/23/2009,IGGBR10D,,,,3.518,,
04/24/2009,IGGBR10D,,,,3.487,,
04/27/2009,IGGBR10D,,,,3.484,,
04/28/2009,IGGBR10D,,,,3.456,,
04/29/2009,IGGBR10D,,,,3.455,,
04/30/2009,IGGBR10D,,,,3.501,,
05/04/2009,IGGBR10D,,,,3.547,,
05/05/2009,IGGBR10D,,,,3.555,,
05/06/2009,IGGBR10D,,,,3.605,,
05/07/2009,IGGBR10D,,,,3.678,,
05/08/2009,IGGBR10D,,,,3.729,,
05/11/2009,IGGBR10D,,,,3.658,,
05/12/2009,IGGBR10D,,,,3.661,,
05/13/2009,IGGBR10D,,,,3.519,,
05/14/2009,IGGBR10D,,,,3.48,,
05/15/2009,IGGBR10D,,,,3.537,,
05/18/2009,IGGBR10D,,,,3.48,,
05/19/2009,IGGBR10D,,,,3.5,,
05/20/2009,IGGBR10D,,,,3.727,,
05/25/2009,IGGBR10D,,,,3.729,,
05/26/2009,IGGBR10D,,,,3.681,,
05/27/2009,IGGBR10D,,,,3.745,,
05/28/2009,IGGBR10D,,,,3.8,,
05/29/2009,IGGBR10D,,,,3.747,,
06/01/2009,IGGBR10D,,,,3.84,,
06/02/2009,IGGBR10D,,,,3.893,,
06/03/2009,IGGBR10D,,,,3.785,,
06/04/2009,IGGBR10D,,,,3.849,,
06/05/2009,IGGBR10D,,,,3.922,,
06/08/2009,IGGBR10D,,,,3.868,,
06/09/2009,IGGBR10D,,,,3.849,,
06/10/2009,IGGBR10D,,,,3.921,,
06/11/2009,IGGBR10D,,,,4.024,,
06/12/2009,IGGBR10D,,,,3.974,,
06/15/2009,IGGBR10D,,,,3.877,,
06/16/2009,IGGBR10D,,,,3.899,,
06/17/2009,IGGBR10D,,,,3.785,,
06/18/2009,IGGBR10D,,,,3.845,,
06/19/2009,IGGBR10D,,,,3.81,,
06/22/2009,IGGBR10D,,,,3.743,,
06/23/2009,IGGBR10D,,,,3.74,,
06/24/2009,IGGBR10D,,,,3.704,,
06/25/2009,IGGBR10D,,,,3.706,,
06/26/2009,IGGBR10D,,,,3.687,,
06/29/2009,IGGBR10D,,,,3.616,,
06/30/2009,IGGBR10D,,,,3.69,,
07/01/2009,IGGBR10D,,,,3.77,,
07/02/2009,IGGBR10D,,,,3.741,,
07/03/2009,IGGBR10D,,,,3.729,,
07/06/2009,IGGBR10D,,,,3.668,,
07/07/2009,IGGBR10D,,,,3.682,,
07/08/2009,IGGBR10D,,,,3.618,,
07/09/2009,IGGBR10D,,,,3.79,,
07/10/2009,IGGBR10D,,,,3.741,,
07/13/2009,IGGBR10D,,,,3.673,,
07/14/2009,IGGBR10D,,,,3.74,,
07/15/2009,IGGBR10D,,,,3.8,,
07/16/2009,IGGBR10D,,,,3.766,,
07/17/2009,IGGBR10D,,,,3.813,,
07/20/2009,IGGBR10D,,,,3.829,,
07/21/2009,IGGBR10D,,,,3.794,,
07/22/2009,IGGBR10D,,,,3.841,,
07/23/2009,IGGBR10D,,,,3.967,,
07/24/2009,IGGBR10D,,,,3.963,,
07/27/2009,IGGBR10D,,,,3.968,,
07/28/2009,IGGBR10D,,,,3.933,,
07/29/2009,IGGBR10D,,,,3.968,,
07/30/2009,IGGBR10D,,,,3.95,,
07/31/2009,IGGBR10D,,,,3.801,,
08/03/2009,IGGBR10D,,,,3.879,,
08/04/2009,IGGBR10D,,,,3.852,,
08/05/2009,IGGBR10D,,,,3.827,,
08/06/2009,IGGBR10D,,,,3.732,,
08/07/2009,IGGBR10D,,,,3.797,,
08/10/2009,IGGBR10D,,,,3.783,,
08/11/2009,IGGBR10D,,,,3.81,,
08/12/2009,IGGBR10D,,,,3.789,,
08/13/2009,IGGBR10D,,,,3.786,,
08/14/2009,IGGBR10D,,,,3.679,,
08/17/2009,IGGBR10D,,,,3.605,,
08/18/2009,IGGBR10D,,,,3.656,,
08/19/2009,IGGBR10D,,,,3.586,,
08/20/2009,IGGBR10D,,,,3.607,,
08/21/2009,IGGBR10D,,,,3.642,,
08/24/2009,IGGBR10D,,,,3.631,,
08/25/2009,IGGBR10D,,,,3.551,,
08/26/2009,IGGBR10D,,,,3.547,,
08/27/2009,IGGBR10D,,,,3.557,,
08/28/2009,IGGBR10D,,,,3.555,,
08/31/2009,IGGBR10D,,,,3.556,,
09/01/2009,IGGBR10D,,,,3.56,,
09/02/2009,IGGBR10D,,,,3.546,,
09/03/2009,IGGBR10D,,,,3.593,,
09/04/2009,IGGBR10D,,,,3.624,,
09/07/2009,IGGBR10D,,,,3.635,,
09/08/2009,IGGBR10D,,,,3.675,,
09/09/2009,IGGBR10D,,,,3.759,,
09/10/2009,IGGBR10D,,,,3.678,,
09/11/2009,IGGBR10D,,,,3.61,,
09/14/2009,IGGBR10D,,,,3.609,,
09/15/2009,IGGBR10D,,,,3.618,,
09/16/2009,IGGBR10D,,,,3.69,,
09/17/2009,IGGBR10D,,,,3.729,,
09/18/2009,IGGBR10D,,,,3.741,,
09/21/2009,IGGBR10D,,,,3.74,,
09/22/2009,IGGBR10D,,,,3.765,,
09/23/2009,IGGBR10D,,,,3.751,,
09/24/2009,IGGBR10D,,,,3.692,,
09/25/2009,IGGBR10D,,,,3.61,,
09/28/2009,IGGBR10D,,,,3.627,,
09/29/2009,IGGBR10D,,,,3.614,,
09/30/2009,IGGBR10D,,,,3.592,,
10/01/2009,IGGBR10D,,,,3.488,,
10/02/2009,IGGBR10D,,,,3.439,,
10/05/2009,IGGBR10D,,,,3.401,,
10/06/2009,IGGBR10D,,,,3.405,,
10/07/2009,IGGBR10D,,,,3.385,,
10/08/2009,IGGBR10D,,,,3.356,,
10/09/2009,IGGBR10D,,,,3.453,,
10/12/2009,IGGBR10D,,,,3.381,,
10/13/2009,IGGBR10D,,,,3.402,,
10/14/2009,IGGBR10D,,,,3.498,,
10/15/2009,IGGBR10D,,,,3.569,,
10/16/2009,IGGBR10D,,,,3.599,,
10/19/2009,IGGBR10D,,,,3.605,,
10/20/2009,IGGBR10D,,,,3.539,,
10/21/2009,IGGBR10D,,,,3.707,,
10/22/2009,IGGBR10D,,,,3.707,,
10/23/2009,IGGBR10D,,,,3.675,,
10/26/2009,IGGBR10D,,,,3.697,,
10/27/2009,IGGBR10D,,,,3.61,,
10/28/2009,IGGBR10D,,,,3.607,,
10/29/2009,IGGBR10D,,,,3.673,,
10/30/2009,IGGBR10D,,,,3.619,,
11/02/2009,IGGBR10D,,,,3.663,,
11/03/2009,IGGBR10D,,,,3.722,,
11/04/2009,IGGBR10D,,,,3.792,,
11/05/2009,IGGBR10D,,,,3.854,,
11/06/2009,IGGBR10D,,,,3.885,,
11/09/2009,IGGBR10D,,,,3.835,,
11/10/2009,IGGBR10D,,,,3.792,,
11/11/2009,IGGBR10D,,,,3.755,,
11/12/2009,IGGBR10D,,,,3.778,,
11/13/2009,IGGBR10D,,,,3.795,,
11/16/2009,IGGBR10D,,,,3.748,,
11/17/2009,IGGBR10D,,,,3.672,,
11/18/2009,IGGBR10D,,,,3.681,,
11/19/2009,IGGBR10D,,,,3.659,,
11/20/2009,IGGBR10D,,,,3.638,,
11/23/2009,IGGBR10D,,,,3.665,,
11/24/2009,IGGBR10D,,,,3.655,,
11/25/2009,IGGBR10D,,,,3.634,,
11/26/2009,IGGBR10D,,,,3.53,,
11/27/2009,IGGBR10D,,,,3.545,,
11/30/2009,IGGBR10D,,,,3.523,,
12/01/2009,IGGBR10D,,,,3.547,,
12/02/2009,IGGBR10D,,,,3.591,,
12/03/2009,IGGBR10D,,,,3.627,,
12/04/2009,IGGBR10D,,,,3.709,,
12/07/2009,IGGBR10D,,,,3.694,,
12/08/2009,IGGBR10D,,,,3.696,,
12/09/2009,IGGBR10D,,,,3.666,,
12/10/2009,IGGBR10D,,,,3.808,,
12/11/2009,IGGBR10D,,,,3.859,,
12/14/2009,IGGBR10D,,,,3.832,,
12/15/2009,IGGBR10D,,,,3.894,,
12/16/2009,IGGBR10D,,,,3.885,,
12/17/2009,IGGBR10D,,,,3.847,,
12/18/2009,IGGBR10D,,,,3.776,,
12/21/2009,IGGBR10D,,,,3.864,,
12/22/2009,IGGBR10D,,,,3.908,,
12/23/2009,IGGBR10D,,,,3.995,,
12/28/2009,IGGBR10D,,,,3.996,,
12/29/2009,IGGBR10D,,,,4.082,,
12/30/2009,IGGBR10D,,,,4.066,,
01/04/2010,IGGBR10D,,,,3.964,,
01/05/2010,IGGBR10D,,,,4.016,,
01/06/2010,IGGBR10D,,,,4.053,,
01/07/2010,IGGBR10D,,,,4.052,,
01/08/2010,IGGBR10D,,,,4.063,,
01/11/2010,IGGBR10D,,,,3.98,,
01/12/2010,IGGBR10D,,,,3.934,,
01/13/2010,IGGBR10D,,,,3.959,,
01/14/2010,IGGBR10D,,,,3.982,,
01/15/2010,IGGBR10D,,,,3.938,,
01/18/2010,IGGBR10D,,,,3.937,,
01/19/2010,IGGBR10D,,,,4.026,,
01/20/2010,IGGBR10D,,,,4.014,,
01/21/2010,IGGBR10D,,,,3.926,,
01/22/2010,IGGBR10D,,,,3.921,,
01/25/2010,IGGBR10D,,,,3.909,,
01/26/2010,IGGBR10D,,,,3.878,,
01/27/2010,IGGBR10D,,,,3.882,,
01/28/2010,IGGBR10D,,,,3.939,,
01/29/2010,IGGBR10D,,,,3.911,,
02/01/2010,IGGBR10D,,,,3.898,,
02/02/2010,IGGBR10D,,,,3.913,,
02/03/2010,IGGBR10D,,,,3.915,,
02/04/2010,IGGBR10D,,,,3.897,,
02/05/2010,IGGBR10D,,,,3.883,,
02/08/2010,IGGBR10D,,,,3.947,,
02/09/2010,IGGBR10D,,,,3.964,,
02/10/2010,IGGBR10D,,,,3.926,,
02/11/2010,IGGBR10D,,,,4.024,,
02/12/2010,IGGBR10D,,,,4.042,,
02/15/2010,IGGBR10D,,,,4.064,,
02/16/2010,IGGBR10D,,,,4.036,,
02/17/2010,IGGBR10D,,,,4.03,,
02/18/2010,IGGBR10D,,,,4.098,,
02/19/2010,IGGBR10D,,,,4.172,,
02/22/2010,IGGBR10D,,,,4.23,,
02/23/2010,IGGBR10D,,,,4.173,,
02/24/2010,IGGBR10D,,,,4.076,,
02/25/2010,IGGBR10D,,,,4.03,,
02/26/2010,IGGBR10D,,,,4.031,,
03/01/2010,IGGBR10D,,,,4.076,,
03/02/2010,IGGBR10D,,,,4.02,,
03/03/2010,IGGBR10D,,,,4.032,,
03/04/2010,IGGBR10D,,,,4.003,,
03/05/2010,IGGBR10D,,,,4.063,,
03/08/2010,IGGBR10D,,,,4.099,,
03/09/2010,IGGBR10D,,,,4.05,,
03/10/2010,IGGBR10D,,,,4.075,,
03/11/2010,IGGBR10D,,,,4.14,,
03/12/2010,IGGBR10D,,,,4.098,,
03/15/2010,IGGBR10D,,,,4.064,,
03/16/2010,IGGBR10D,,,,4.026,,
03/17/2010,IGGBR10D,,,,4.006,,
03/18/2010,IGGBR10D,,,,3.983,,
03/19/2010,IGGBR10D,,,,3.955,,
03/22/2010,IGGBR10D,,,,3.922,,
03/23/2010,IGGBR10D,,,,3.917,,
03/24/2010,IGGBR10D,,,,3.979,,
03/25/2010,IGGBR10D,,,,4.035,,
03/26/2010,IGGBR10D,,,,4.037,,
03/29/2010,IGGBR10D,,,,3.975,,
03/30/2010,IGGBR10D,,,,3.99,,
03/31/2010,IGGBR10D,,,,3.939,,
04/01/2010,IGGBR10D,,,,3.922,,
04/06/2010,IGGBR10D,,,,4.013,,
04/07/2010,IGGBR10D,,,,4.06,,
04/08/2010,IGGBR10D,,,,4.009,,
04/09/2010,IGGBR10D,,,,4.045,,
04/12/2010,IGGBR10D,,,,4.05,,
04/13/2010,IGGBR10D,,,,4.017,,
04/14/2010,IGGBR10D,,,,4.031,,
04/15/2010,IGGBR10D,,,,4.035,,
04/16/2010,IGGBR10D,,,,3.984,,
04/19/2010,IGGBR10D,,,,3.991,,
04/20/2010,IGGBR10D,,,,4.02,,
04/21/2010,IGGBR10D,,,,4.02,,
04/22/2010,IGGBR10D,,,,3.987,,
04/23/2010,IGGBR10D,,,,4.044,,
04/26/2010,IGGBR10D,,,,3.996,,
04/27/2010,IGGBR10D,,,,3.963,,
04/28/2010,IGGBR10D,,,,3.943,,
04/29/2010,IGGBR10D,,,,3.852,,
05/03/2010,IGGBR10D,,,,3.907,,
05/04/2010,IGGBR10D,,,,3.839,,
05/05/2010,IGGBR10D,,,,3.817,,
05/06/2010,IGGBR10D,,,,3.799,,
05/07/2010,IGGBR10D,,,,3.831,,
05/10/2010,IGGBR10D,,,,3.922,,
05/11/2010,IGGBR10D,,,,3.886,,
05/12/2010,IGGBR10D,,,,3.846,,
05/13/2010,IGGBR10D,,,,3.841,,
05/14/2010,IGGBR10D,,,,3.751,,
05/17/2010,IGGBR10D,,,,3.742,,
05/18/2010,IGGBR10D,,,,3.754,,
05/19/2010,IGGBR10D,,,,3.661,,
05/20/2010,IGGBR10D,,,,3.564,,
05/21/2010,IGGBR10D,,,,3.55,,
05/24/2010,IGGBR10D,,,,3.546,,
05/25/2010,IGGBR10D,,,,3.469,,
05/26/2010,IGGBR10D,,,,3.557,,
05/27/2010,IGGBR10D,,,,3.613,,
05/28/2010,IGGBR10D,,,,3.581,,
05/31/2010,IGGBR10D,,,,3.581,,
06/01/2010,IGGBR10D,,,,3.575,,
06/02/2010,IGGBR10D,,,,3.547,,
06/03/2010,IGGBR10D,,,,3.584,,
06/04/2010,IGGBR10D,,,,3.513,,
06/07/2010,IGGBR10D,,,,3.494,,
06/08/2010,IGGBR10D,,,,3.469,,
06/09/2010,IGGBR10D,,,,3.528,,
06/10/2010,IGGBR10D,,,,3.56,,
06/11/2010,IGGBR10D,,,,3.463,,
06/14/2010,IGGBR10D,,,,3.55,,
06/15/2010,IGGBR10D,,,,3.553,,
06/16/2010,IGGBR10D,,,,3.536,,
06/17/2010,IGGBR10D,,,,3.483,,
06/18/2010,IGGBR10D,,,,3.544,,
06/21/2010,IGGBR10D,,,,3.514,,
06/22/2010,IGGBR10D,,,,3.457,,
06/23/2010,IGGBR10D,,,,3.437,,
06/24/2010,IGGBR10D,,,,3.389,,
06/25/2010,IGGBR10D,,,,3.383,,
06/28/2010,IGGBR10D,,,,3.376,,
06/29/2010,IGGBR10D,,,,3.389,,
06/30/2010,IGGBR10D,,,,3.355,,
07/01/2010,IGGBR10D,,,,3.316,,
07/02/2010,IGGBR10D,,,,3.354,,
07/05/2010,IGGBR10D,,,,3.321,,
07/06/2010,IGGBR10D,,,,3.346,,
07/07/2010,IGGBR10D,,,,3.359,,
07/08/2010,IGGBR10D,,,,3.373,,
07/09/2010,IGGBR10D,,,,3.332,,
07/12/2010,IGGBR10D,,,,3.336,,
07/13/2010,IGGBR10D,,,,3.376,,
07/14/2010,IGGBR10D,,,,3.398,,
07/15/2010,IGGBR10D,,,,3.375,,
07/16/2010,IGGBR10D,,,,3.332,,
07/19/2010,IGGBR10D,,,,3.353,,
07/20/2010,IGGBR10D,,,,3.35,,
07/21/2010,IGGBR10D,,,,3.35,,
07/22/2010,IGGBR10D,,,,3.36,,
07/23/2010,IGGBR10D,,,,3.44,,
07/26/2010,IGGBR10D,,,,3.45,,
07/27/2010,IGGBR10D,,,,3.52,,
07/28/2010,IGGBR10D,,,,3.49,,
07/29/2010,IGGBR10D,,,,3.41,,
07/30/2010,IGGBR10D,,,,3.32,,
08/02/2010,IGGBR10D,,,,3.35,,
08/03/2010,IGGBR10D,,,,3.27,,
08/04/2010,IGGBR10D,,,,3.29,,
08/05/2010,IGGBR10D,,,,3.23,,
08/06/2010,IGGBR10D,,,,3.22,,
08/09/2010,IGGBR10D,,,,3.24,,
08/10/2010,IGGBR10D,,,,3.26,,
08/11/2010,IGGBR10D,,,,3.14,,
08/12/2010,IGGBR10D,,,,3.11,,
08/13/2010,IGGBR10D,,,,3.12,,
08/16/2010,IGGBR10D,,,,3.04,,
08/17/2010,IGGBR10D,,,,3.06,,
08/18/2010,IGGBR10D,,,,3.03,,
08/19/2010,IGGBR10D,,,,3.01,,
08/20/2010,IGGBR10D,,,,2.98,,
08/23/2010,IGGBR10D,,,,2.97,,
08/24/2010,IGGBR10D,,,,2.88,,
08/25/2010,IGGBR10D,,,,2.84,,
08/26/2010,IGGBR10D,,,,2.89,,
08/27/2010,IGGBR10D,,,,2.9,,
08/30/2010,IGGBR10D,,,,2.9,,
08/31/2010,IGGBR10D,,,,2.83,,
09/01/2010,IGGBR10D,,,,2.93,,
09/02/2010,IGGBR10D,,,,2.96,,
09/03/2010,IGGBR10D,,,,3.01,,
09/06/2010,IGGBR10D,,,,2.98,,
09/07/2010,IGGBR10D,,,,2.91,,
09/08/2010,IGGBR10D,,,,2.99,,
09/09/2010,IGGBR10D,,,,3.05,,
09/10/2010,IGGBR10D,,,,3.12,,
09/13/2010,IGGBR10D,,,,3.12,,
09/14/2010,IGGBR10D,,,,3.05,,
09/15/2010,IGGBR10D,,,,3.08,,
09/16/2010,IGGBR10D,,,,3.14,,
09/17/2010,IGGBR10D,,,,3.13,,
09/20/2010,IGGBR10D,,,,3.15,,
09/21/2010,IGGBR10D,,,,3.12,,
09/22/2010,IGGBR10D,,,,2.97,,
09/23/2010,IGGBR10D,,,,2.95,,
09/24/2010,IGGBR10D,,,,3.04,,
09/27/2010,IGGBR10D,,,,2.97,,
09/28/2010,IGGBR10D,,,,2.93,,
09/29/2010,IGGBR10D,,,,2.91,,
09/30/2010,IGGBR10D,,,,2.95,,
10/01/2010,IGGBR10D,,,,2.97,,
10/04/2010,IGGBR10D,,,,2.93,,
10/05/2010,IGGBR10D,,,,2.96,,
10/06/2010,IGGBR10D,,,,2.89,,
10/07/2010,IGGBR10D,,,,2.93,,
10/08/2010,IGGBR10D,,,,2.87,,
10/11/2010,IGGBR10D,,,,2.88,,
10/12/2010,IGGBR10D,,,,2.85,,
10/13/2010,IGGBR10D,,,,2.88,,
10/14/2010,IGGBR10D,,,,2.88,,
10/15/2010,IGGBR10D,,,,2.94,,
10/18/2010,IGGBR10D,,,,2.96,,
10/19/2010,IGGBR10D,,,,3,,
10/20/2010,IGGBR10D,,,,2.99,,
10/21/2010,IGGBR10D,,,,2.94,,
10/22/2010,IGGBR10D,,,,2.95,,
10/25/2010,IGGBR10D,,,,2.92,,
10/26/2010,IGGBR10D,,,,3.06,,
10/27/2010,IGGBR10D,,,,3.15,,
10/28/2010,IGGBR10D,,,,3.15,,
10/29/2010,IGGBR10D,,,,3.08,,
11/01/2010,IGGBR10D,,,,3.05,,
11/02/2010,IGGBR10D,,,,3.03,,
11/03/2010,IGGBR10D,,,,3,,
11/04/2010,IGGBR10D,,,,2.95,,
11/05/2010,IGGBR10D,,,,2.98,,
11/08/2010,IGGBR10D,,,,3,,
11/09/2010,IGGBR10D,,,,3.03,,
11/10/2010,IGGBR10D,,,,3.16,,
11/11/2010,IGGBR10D,,,,3.15,,
11/12/2010,IGGBR10D,,,,3.2,,
11/15/2010,IGGBR10D,,,,3.27,,
11/16/2010,IGGBR10D,,,,3.29,,
11/17/2010,IGGBR10D,,,,3.27,,
11/18/2010,IGGBR10D,,,,3.4,,
11/22/2010,IGGBR10D,,,,3.33,,
11/23/2010,IGGBR10D,,,,3.26,,
11/24/2010,IGGBR10D,,,,3.33,,
11/25/2010,IGGBR10D,,,,3.36,,
11/26/2010,IGGBR10D,,,,3.35,,
11/29/2010,IGGBR10D,,,,3.34,,
11/30/2010,IGGBR10D,,,,3.22,,
12/01/2010,IGGBR10D,,,,3.36,,
12/02/2010,IGGBR10D,,,,3.4,,
12/03/2010,IGGBR10D,,,,3.41,,
12/06/2010,IGGBR10D,,,,3.4,,
12/07/2010,IGGBR10D,,,,3.46,,
12/08/2010,IGGBR10D,,,,3.55,,
12/09/2010,IGGBR10D,,,,3.49,,
12/10/2010,IGGBR10D,,,,3.52,,
12/13/2010,IGGBR10D,,,,3.55,,
12/14/2010,IGGBR10D,,,,3.61,,
12/15/2010,IGGBR10D,,,,3.62,,
12/16/2010,IGGBR10D,,,,3.63,,
12/17/2010,IGGBR10D,,,,3.56,,
12/20/2010,IGGBR10D,,,,3.48,,
12/21/2010,IGGBR10D,,,,3.51,,
12/22/2010,IGGBR10D,,,,3.5,,
12/23/2010,IGGBR10D,,,,3.5,,
12/24/2010,IGGBR10D,,,,3.51,,
12/27/2010,IGGBR10D,,,,3.5,,
12/28/2010,IGGBR10D,,,,3.51,,
12/29/2010,IGGBR10D,,,,3.57,,
12/30/2010,IGGBR10D,,,,3.47,,
12/31/2010,IGGBR10D,,,,3.4,,
01/03/2011,IGGBR10D,,,,3.4,,
01/04/2011,IGGBR10D,,,,3.46,,
01/05/2011,IGGBR10D,,,,3.55,,
01/06/2011,IGGBR10D,,,,3.53,,
01/07/2011,IGGBR10D,,,,3.51,,
01/10/2011,IGGBR10D,,,,3.51,,
01/11/2011,IGGBR10D,,,,3.55,,
01/12/2011,IGGBR10D,,,,3.64,,
01/13/2011,IGGBR10D,,,,3.6,,
01/14/2011,IGGBR10D,,,,3.61,,
01/17/2011,IGGBR10D,,,,3.62,,
01/18/2011,IGGBR10D,,,,3.66,,
01/19/2011,IGGBR10D,,,,3.64,,
01/20/2011,IGGBR10D,,,,3.69,,
01/21/2011,IGGBR10D,,,,3.7,,
01/24/2011,IGGBR10D,,,,3.67,,
01/25/2011,IGGBR10D,,,,3.63,,
01/26/2011,IGGBR10D,,,,3.69,,
01/27/2011,IGGBR10D,,,,3.69,,
01/28/2011,IGGBR10D,,,,3.65,,
01/31/2011,IGGBR10D,,,,3.66,,
02/01/2011,IGGBR10D,,,,3.71,,
02/02/2011,IGGBR10D,,,,3.76,,
02/03/2011,IGGBR10D,,,,3.78,,
02/04/2011,IGGBR10D,,,,3.82,,
02/07/2011,IGGBR10D,,,,3.83,,
02/08/2011,IGGBR10D,,,,3.84,,
02/09/2011,IGGBR10D,,,,3.87,,
02/10/2011,IGGBR10D,,,,3.88,,
02/11/2011,IGGBR10D,,,,3.87,,
02/14/2011,IGGBR10D,,,,3.84,,
02/15/2011,IGGBR10D,,,,3.85,,
02/16/2011,IGGBR10D,,,,3.81,,
02/17/2011,IGGBR10D,,,,3.76,,
02/18/2011,IGGBR10D,,,,3.8,,
02/21/2011,IGGBR10D,,,,3.73,,
02/22/2011,IGGBR10D,,,,3.68,,
02/24/2011,IGGBR10D,,,,3.62,,
02/25/2011,IGGBR10D,,,,3.62,,
02/28/2011,IGGBR10D,,,,3.6,,
03/01/2011,IGGBR10D,,,,3.62,,
03/02/2011,IGGBR10D,,,,3.64,,
03/03/2011,IGGBR10D,,,,3.71,,
03/04/2011,IGGBR10D,,,,3.63,,
03/07/2011,IGGBR10D,,,,3.63,,
03/08/2011,IGGBR10D,,,,3.67,,
03/09/2011,IGGBR10D,,,,3.66,,
03/10/2011,IGGBR10D,,,,3.6,,
03/11/2011,IGGBR10D,,,,3.55,,
03/14/2011,IGGBR10D,,,,3.57,,
03/15/2011,IGGBR10D,,,,3.53,,
03/17/2011,IGGBR10D,,,,3.55,,
03/18/2011,IGGBR10D,,,,3.51,,
03/21/2011,IGGBR10D,,,,3.53,,
03/22/2011,IGGBR10D,,,,3.6,,
03/23/2011,IGGBR10D,,,,3.55,,
03/24/2011,IGGBR10D,,,,3.58,,
03/25/2011,IGGBR10D,,,,3.61,,
03/28/2011,IGGBR10D,,,,3.6,,
03/29/2011,IGGBR10D,,,,3.63,,
03/30/2011,IGGBR10D,,,,3.67,,
03/31/2011,IGGBR10D,,,,3.69,,
04/01/2011,IGGBR10D,,,,3.72,,
04/04/2011,IGGBR10D,,,,3.72,,
04/05/2011,IGGBR10D,,,,3.77,,
04/06/2011,IGGBR10D,,,,3.76,,
04/07/2011,IGGBR10D,,,,3.75,,
04/08/2011,IGGBR10D,,,,3.81,,
04/11/2011,IGGBR10D,,,,3.81,,
04/12/2011,IGGBR10D,,,,3.7,,
04/13/2011,IGGBR10D,,,,3.71,,
04/14/2011,IGGBR10D,,,,3.69,,
04/15/2011,IGGBR10D,,,,3.6,,
04/18/2011,IGGBR10D,,,,3.56,,
04/19/2011,IGGBR10D,,,,3.55,,
04/20/2011,IGGBR10D,,,,3.58,,
04/21/2011,IGGBR10D,,,,3.53,,
04/22/2011,IGGBR10D,,,,3.53,,
04/25/2011,IGGBR10D,,,,3.53,,
04/26/2011,IGGBR10D,,,,3.48,,
04/27/2011,IGGBR10D,,,,3.57,,
04/28/2011,IGGBR10D,,,,3.48,,
04/29/2011,IGGBR10D,,,,3.43,,
05/02/2011,IGGBR10D,,,,3.45,,
05/03/2011,IGGBR10D,,,,3.42,,
05/04/2011,IGGBR10D,,,,3.38,,
05/05/2011,IGGBR10D,,,,3.39,,
05/06/2011,IGGBR10D,,,,3.38,,
05/09/2011,IGGBR10D,,,,3.36,,
05/10/2011,IGGBR10D,,,,3.38,,
05/11/2011,IGGBR10D,,,,3.44,,
05/12/2011,IGGBR10D,,,,3.38,,
05/13/2011,IGGBR10D,,,,3.36,,
05/16/2011,IGGBR10D,,,,3.38,,
05/17/2011,IGGBR10D,,,,3.36,,
05/18/2011,IGGBR10D,,,,3.39,,
05/19/2011,IGGBR10D,,,,3.39,,
05/20/2011,IGGBR10D,,,,3.35,,
05/23/2011,IGGBR10D,,,,3.3,,
05/24/2011,IGGBR10D,,,,3.34,,
05/25/2011,IGGBR10D,,,,3.32,,
05/27/2011,IGGBR10D,,,,3.29,,
05/30/2011,IGGBR10D,,,,3.27,,
05/31/2011,IGGBR10D,,,,3.29,,
06/01/2011,IGGBR10D,,,,3.25,,
06/02/2011,IGGBR10D,,,,3.25,,
06/03/2011,IGGBR10D,,,,3.29,,
06/06/2011,IGGBR10D,,,,3.27,,
06/07/2011,IGGBR10D,,,,3.33,,
06/08/2011,IGGBR10D,,,,3.29,,
06/09/2011,IGGBR10D,,,,3.27,,
06/10/2011,IGGBR10D,,,,3.22,,
06/13/2011,IGGBR10D,,,,3.25,,
06/14/2011,IGGBR10D,,,,3.29,,
06/15/2011,IGGBR10D,,,,3.24,,
06/16/2011,IGGBR10D,,,,3.18,,
06/17/2011,IGGBR10D,,,,3.2,,
06/20/2011,IGGBR10D,,,,3.22,,
06/21/2011,IGGBR10D,,,,3.22,,
06/22/2011,IGGBR10D,,,,3.19,,
06/23/2011,IGGBR10D,,,,3.15,,
06/24/2011,IGGBR10D,,,,3.13,,
06/27/2011,IGGBR10D,,,,3.16,,
06/28/2011,IGGBR10D,,,,3.26,,
06/29/2011,IGGBR10D,,,,3.33,,
06/30/2011,IGGBR10D,,,,3.38,,
07/01/2011,IGGBR10D,,,,3.39,,
07/04/2011,IGGBR10D,,,,3.36,,
07/05/2011,IGGBR10D,,,,3.32,,
07/06/2011,IGGBR10D,,,,3.25,,
07/07/2011,IGGBR10D,,,,3.3,,
07/08/2011,IGGBR10D,,,,3.19,,
07/11/2011,IGGBR10D,,,,3.09,,
07/12/2011,IGGBR10D,,,,3.09,,
07/13/2011,IGGBR10D,,,,3.12,,
07/14/2011,IGGBR10D,,,,3.11,,
07/15/2011,IGGBR10D,,,,3.08,,
07/18/2011,IGGBR10D,,,,3.03,,
07/19/2011,IGGBR10D,,,,3.05,,
07/21/2011,IGGBR10D,,,,3.17,,
07/22/2011,IGGBR10D,,,,3.11,,
07/25/2011,IGGBR10D,,,,3.05,,
07/26/2011,IGGBR10D,,,,3.07,,
07/27/2011,IGGBR10D,,,,2.98,,
07/28/2011,IGGBR10D,,,,2.96,,
07/29/2011,IGGBR10D,,,,2.86,,
08/01/2011,IGGBR10D,,,,2.8,,
08/02/2011,IGGBR10D,,,,2.77,,
08/03/2011,IGGBR10D,,,,2.74,,
08/04/2011,IGGBR10D,,,,2.68,,
08/05/2011,IGGBR10D,,,,2.69,,
08/08/2011,IGGBR10D,,,,2.64,,
08/09/2011,IGGBR10D,,,,2.71,,
08/10/2011,IGGBR10D,,,,2.48,,
08/11/2011,IGGBR10D,,,,2.54,,
08/12/2011,IGGBR10D,,,,2.53,,
08/15/2011,IGGBR10D,,,,2.54,,
08/16/2011,IGGBR10D,,,,2.56,,
08/17/2011,IGGBR10D,,,,2.43,,
08/18/2011,IGGBR10D,,,,2.31,,
08/19/2011,IGGBR10D,,,,2.39,,
08/22/2011,IGGBR10D,,,,2.38,,
08/23/2011,IGGBR10D,,,,2.39,,
08/24/2011,IGGBR10D,,,,2.48,,
08/25/2011,IGGBR10D,,,,2.46,,
08/26/2011,IGGBR10D,,,,2.5,,
08/29/2011,IGGBR10D,,,,2.48,,
08/30/2011,IGGBR10D,,,,2.5,,
08/31/2011,IGGBR10D,,,,2.6,,
09/01/2011,IGGBR10D,,,,2.54,,
09/02/2011,IGGBR10D,,,,2.44,,
09/05/2011,IGGBR10D,,,,2.28,,
09/06/2011,IGGBR10D,,,,2.29,,
09/07/2011,IGGBR10D,,,,2.34,,
09/08/2011,IGGBR10D,,,,2.35,,
09/09/2011,IGGBR10D,,,,2.26,,
09/12/2011,IGGBR10D,,,,2.38,,
09/13/2011,IGGBR10D,,,,2.41,,
09/14/2011,IGGBR10D,,,,2.44,,
09/15/2011,IGGBR10D,,,,2.52,,
09/16/2011,IGGBR10D,,,,2.48,,
09/19/2011,IGGBR10D,,,,2.39,,
09/20/2011,IGGBR10D,,,,2.39,,
09/21/2011,IGGBR10D,,,,2.41,,
09/22/2011,IGGBR10D,,,,2.31,,
09/23/2011,IGGBR10D,,,,2.36,,
09/26/2011,IGGBR10D,,,,2.43,,
09/27/2011,IGGBR10D,,,,2.54,,
09/28/2011,IGGBR10D,,,,2.55,,
09/29/2011,IGGBR10D,,,,2.53,,
09/30/2011,IGGBR10D,,,,2.43,,
10/03/2011,IGGBR10D,,,,2.35,,
10/04/2011,IGGBR10D,,,,2.25,,
10/05/2011,IGGBR10D,,,,2.36,,
10/06/2011,IGGBR10D,,,,2.39,,
10/07/2011,IGGBR10D,,,,2.47,,
10/10/2011,IGGBR10D,,,,2.59,,
10/11/2011,IGGBR10D,,,,2.59,,
10/12/2011,IGGBR10D,,,,2.64,,
10/13/2011,IGGBR10D,,,,2.56,,
10/14/2011,IGGBR10D,,,,2.61,,
10/17/2011,IGGBR10D,,,,2.53,,
10/18/2011,IGGBR10D,,,,2.43,,
10/19/2011,IGGBR10D,,,,2.47,,
10/20/2011,IGGBR10D,,,,2.45,,
10/21/2011,IGGBR10D,,,,2.53,,
10/24/2011,IGGBR10D,,,,2.56,,
10/25/2011,IGGBR10D,,,,2.51,,
10/26/2011,IGGBR10D,,,,2.47,,
10/27/2011,IGGBR10D,,,,2.62,,
10/28/2011,IGGBR10D,,,,2.61,,
10/31/2011,IGGBR10D,,,,2.44,,
11/01/2011,IGGBR10D,,,,2.21,,
11/02/2011,IGGBR10D,,,,2.29,,
11/03/2011,IGGBR10D,,,,2.38,,
11/04/2011,IGGBR10D,,,,2.31,,
11/07/2011,IGGBR10D,,,,2.26,,
11/08/2011,IGGBR10D,,,,2.27,,
11/09/2011,IGGBR10D,,,,2.18,,
11/10/2011,IGGBR10D,,,,2.23,,
11/11/2011,IGGBR10D,,,,2.29,,
11/14/2011,IGGBR10D,,,,2.18,,
11/15/2011,IGGBR10D,,,,2.15,,
11/16/2011,IGGBR10D,,,,2.16,,
11/17/2011,IGGBR10D,,,,2.23,,
11/18/2011,IGGBR10D,,,,2.25,,
11/21/2011,IGGBR10D,,,,2.2,,
11/22/2011,IGGBR10D,,,,2.17,,
11/23/2011,IGGBR10D,,,,2.14,,
11/24/2011,IGGBR10D,,,,2.16,,
11/25/2011,IGGBR10D,,,,2.29,,
11/28/2011,IGGBR10D,,,,2.27,,
11/29/2011,IGGBR10D,,,,2.23,,
11/30/2011,IGGBR10D,,,,2.31,,
12/01/2011,IGGBR10D,,,,2.26,,
12/02/2011,IGGBR10D,,,,2.29,,
12/05/2011,IGGBR10D,,,,2.35,,
12/06/2011,IGGBR10D,,,,2.25,,
12/07/2011,IGGBR10D,,,,2.23,,
12/08/2011,IGGBR10D,,,,2.12,,
12/09/2011,IGGBR10D,,,,2.16,,
12/12/2011,IGGBR10D,,,,2.1,,
12/13/2011,IGGBR10D,,,,2.13,,
12/14/2011,IGGBR10D,,,,2.09,,
12/15/2011,IGGBR10D,,,,2.1,,
12/16/2011,IGGBR10D,,,,2.04,,
12/19/2011,IGGBR10D,,,,2.06,,
12/20/2011,IGGBR10D,,,,2.09,,
12/21/2011,IGGBR10D,,,,2.07,,
12/22/2011,IGGBR10D,,,,2.05,,
12/23/2011,IGGBR10D,,,,2.04,,
12/26/2011,IGGBR10D,,,,2.04,,
12/27/2011,IGGBR10D,,,,2.04,,
12/28/2011,IGGBR10D,,,,2.01,,
12/29/2011,IGGBR10D,,,,1.96,,
12/30/2011,IGGBR10D,,,,1.98,,
01/02/2012,IGGBR10D,,,,1.98,,
01/03/2012,IGGBR10D,,,,2.03,,
01/04/2012,IGGBR10D,,,,2.05,,
01/05/2012,IGGBR10D,,,,2.05,,
01/06/2012,IGGBR10D,,,,2.02,,
01/09/2012,IGGBR10D,,,,2,,
01/10/2012,IGGBR10D,,,,2.08,,
01/11/2012,IGGBR10D,,,,2,,
01/12/2012,IGGBR10D,,,,2.02,,
01/13/2012,IGGBR10D,,,,1.97,,
01/16/2012,IGGBR10D,,,,1.97,,
01/17/2012,IGGBR10D,,,,1.96,,
01/18/2012,IGGBR10D,,,,1.96,,
01/19/2012,IGGBR10D,,,,2.05,,
01/20/2012,IGGBR10D,,,,2.11,,
01/23/2012,IGGBR10D,,,,2.16,,
01/24/2012,IGGBR10D,,,,2.18,,
01/25/2012,IGGBR10D,,,,2.16,,
01/26/2012,IGGBR10D,,,,2.09,,
01/27/2012,IGGBR10D,,,,2.07,,
01/30/2012,IGGBR10D,,,,1.99,,
01/31/2012,IGGBR10D,,,,1.97,,
02/01/2012,IGGBR10D,,,,2.05,,
02/02/2012,IGGBR10D,,,,2.09,,
02/03/2012,IGGBR10D,,,,2.18,,
02/06/2012,IGGBR10D,,,,2.16,,
02/07/2012,IGGBR10D,,,,2.22,,
02/08/2012,IGGBR10D,,,,2.19,,
02/09/2012,IGGBR10D,,,,2.22,,
02/10/2012,IGGBR10D,,,,2.11,,
02/13/2012,IGGBR10D,,,,2.13,,
02/14/2012,IGGBR10D,,,,2.09,,
02/15/2012,IGGBR10D,,,,2.08,,
02/16/2012,IGGBR10D,,,,2.14,,
02/17/2012,IGGBR10D,,,,2.19,,
02/20/2012,IGGBR10D,,,,2.23,,
02/21/2012,IGGBR10D,,,,2.22,,
02/22/2012,IGGBR10D,,,,2.11,,
02/23/2012,IGGBR10D,,,,2.1,,
02/24/2012,IGGBR10D,,,,2.07,,
02/27/2012,IGGBR10D,,,,2.03,,
02/28/2012,IGGBR10D,,,,2.1,,
02/29/2012,IGGBR10D,,,,2.15,,
03/01/2012,IGGBR10D,,,,2.22,,
03/02/2012,IGGBR10D,,,,2.14,,
03/05/2012,IGGBR10D,,,,2.19,,
03/06/2012,IGGBR10D,,,,2.12,,
03/07/2012,IGGBR10D,,,,2.14,,
03/08/2012,IGGBR10D,,,,2.14,,
03/09/2012,IGGBR10D,,,,2.15,,
03/12/2012,IGGBR10D,,,,2.09,,
03/13/2012,IGGBR10D,,,,2.17,,
03/14/2012,IGGBR10D,,,,2.34,,
03/15/2012,IGGBR10D,,,,2.37,,
03/16/2012,IGGBR10D,,,,2.45,,
03/19/2012,IGGBR10D,,,,2.43,,
03/20/2012,IGGBR10D,,,,2.42,,
03/21/2012,IGGBR10D,,,,2.37,,
03/22/2012,IGGBR10D,,,,2.33,,
03/23/2012,IGGBR10D,,,,2.27,,
03/26/2012,IGGBR10D,,,,2.33,,
03/27/2012,IGGBR10D,,,,2.26,,
03/28/2012,IGGBR10D,,,,2.21,,
03/29/2012,IGGBR10D,,,,2.2,,
03/30/2012,IGGBR10D,,,,2.2,,
04/02/2012,IGGBR10D,,,,2.22,,
04/03/2012,IGGBR10D,,,,2.17,,
04/04/2012,IGGBR10D,,,,2.21,,
04/05/2012,IGGBR10D,,,,2.16,,
04/06/2012,IGGBR10D,,,,2.16,,
04/09/2012,IGGBR10D,,,,2.16,,
04/10/2012,IGGBR10D,,,,2.01,,
04/11/2012,IGGBR10D,,,,2.05,,
04/12/2012,IGGBR10D,,,,2.09,,
04/13/2012,IGGBR10D,,,,2.04,,
04/16/2012,IGGBR10D,,,,2.03,,
04/17/2012,IGGBR10D,,,,2.1,,
04/18/2012,IGGBR10D,,,,2.13,,
04/19/2012,IGGBR10D,,,,2.15,,
04/23/2012,IGGBR10D,,,,2.12,,
04/24/2012,IGGBR10D,,,,2.1,,
04/25/2012,IGGBR10D,,,,2.14,,
04/26/2012,IGGBR10D,,,,2.1,,
04/27/2012,IGGBR10D,,,,2.12,,
04/30/2012,IGGBR10D,,,,2.11,,
05/01/2012,IGGBR10D,,,,2.1,,
05/02/2012,IGGBR10D,,,,2.05,,
05/03/2012,IGGBR10D,,,,2.04,,
05/04/2012,IGGBR10D,,,,2,,
05/07/2012,IGGBR10D,,,,2,,
05/08/2012,IGGBR10D,,,,1.94,,
05/09/2012,IGGBR10D,,,,1.9,,
05/10/2012,IGGBR10D,,,,1.99,,
05/11/2012,IGGBR10D,,,,1.96,,
05/14/2012,IGGBR10D,,,,1.88,,
05/15/2012,IGGBR10D,,,,1.89,,
05/16/2012,IGGBR10D,,,,1.88,,
05/17/2012,IGGBR10D,,,,1.84,,
05/18/2012,IGGBR10D,,,,1.82,,
05/21/2012,IGGBR10D,,,,1.84,,
05/22/2012,IGGBR10D,,,,1.87,,
05/23/2012,IGGBR10D,,,,1.77,,
05/24/2012,IGGBR10D,,,,1.78,,
05/25/2012,IGGBR10D,,,,1.75,,
05/28/2012,IGGBR10D,,,,1.76,,
05/29/2012,IGGBR10D,,,,1.78,,
05/30/2012,IGGBR10D,,,,1.65,,
05/31/2012,IGGBR10D,,,,1.57,,
06/01/2012,IGGBR10D,,,,1.53,,
06/04/2012,IGGBR10D,,,,1.52,,
06/05/2012,IGGBR10D,,,,1.52,,
06/06/2012,IGGBR10D,,,,1.66,,
06/07/2012,IGGBR10D,,,,1.71,,
06/08/2012,IGGBR10D,,,,1.63,,
06/11/2012,IGGBR10D,,,,1.65,,
06/12/2012,IGGBR10D,,,,1.7,,
06/13/2012,IGGBR10D,,,,1.75,,
06/14/2012,IGGBR10D,,,,1.73,,
06/15/2012,IGGBR10D,,,,1.67,,
06/18/2012,IGGBR10D,,,,1.66,,
06/19/2012,IGGBR10D,,,,1.72,,
06/20/2012,IGGBR10D,,,,1.77,,
06/21/2012,IGGBR10D,,,,1.7,,
06/22/2012,IGGBR10D,,,,1.72,,
06/25/2012,IGGBR10D,,,,1.67,,
06/26/2012,IGGBR10D,,,,1.68,,
06/27/2012,IGGBR10D,,,,1.69,,
06/28/2012,IGGBR10D,,,,1.64,,
06/29/2012,IGGBR10D,,,,1.73,,
07/02/2012,IGGBR10D,,,,1.7,,
07/03/2012,IGGBR10D,,,,1.76,,
07/04/2012,IGGBR10D,,,,1.72,,
07/05/2012,IGGBR10D,,,,1.65,,
07/06/2012,IGGBR10D,,,,1.59,,
07/09/2012,IGGBR10D,,,,1.58,,
07/10/2012,IGGBR10D,,,,1.58,,
07/11/2012,IGGBR10D,,,,1.56,,
07/12/2012,IGGBR10D,,,,1.53,,
07/13/2012,IGGBR10D,,,,1.55,,
07/16/2012,IGGBR10D,,,,1.5,,
07/17/2012,IGGBR10D,,,,1.5,,
07/18/2012,IGGBR10D,,,,1.47,,
07/19/2012,IGGBR10D,,,,1.52,,
07/20/2012,IGGBR10D,,,,1.48,,
07/23/2012,IGGBR10D,,,,1.47,,
07/24/2012,IGGBR10D,,,,1.47,,
07/25/2012,IGGBR10D,,,,1.46,,
07/26/2012,IGGBR10D,,,,1.48,,
07/27/2012,IGGBR10D,,,,1.54,,
07/30/2012,IGGBR10D,,,,1.54,,
07/31/2012,IGGBR10D,,,,1.47,,
08/01/2012,IGGBR10D,,,,1.52,,
08/02/2012,IGGBR10D,,,,1.44,,
08/03/2012,IGGBR10D,,,,1.56,,
08/06/2012,IGGBR10D,,,,1.5,,
08/07/2012,IGGBR10D,,,,1.6,,
08/08/2012,IGGBR10D,,,,1.57,,
08/09/2012,IGGBR10D,,,,1.62,,
08/10/2012,IGGBR10D,,,,1.54,,
08/13/2012,IGGBR10D,,,,1.56,,
08/14/2012,IGGBR10D,,,,1.6,,
08/15/2012,IGGBR10D,,,,1.68,,
08/16/2012,IGGBR10D,,,,1.69,,
08/17/2012,IGGBR10D,,,,1.67,,
08/20/2012,IGGBR10D,,,,1.66,,
08/21/2012,IGGBR10D,,,,1.71,,
08/22/2012,IGGBR10D,,,,1.63,,
08/23/2012,IGGBR10D,,,,1.57,,
08/24/2012,IGGBR10D,,,,1.53,,
08/27/2012,IGGBR10D,,,,1.54,,
08/28/2012,IGGBR10D,,,,1.49,,
08/29/2012,IGGBR10D,,,,1.5,,
08/30/2012,IGGBR10D,,,,1.45,,
08/31/2012,IGGBR10D,,,,1.46,,
09/03/2012,IGGBR10D,,,,1.65,,
09/04/2012,IGGBR10D,,,,1.63,,
09/05/2012,IGGBR10D,,,,1.64,,
09/06/2012,IGGBR10D,,,,1.71,,
09/07/2012,IGGBR10D,,,,1.68,,
09/10/2012,IGGBR10D,,,,1.73,,
09/11/2012,IGGBR10D,,,,1.74,,
09/12/2012,IGGBR10D,,,,1.83,,
09/13/2012,IGGBR10D,,,,1.82,,
09/14/2012,IGGBR10D,,,,1.97,,
09/17/2012,IGGBR10D,,,,1.93,,
09/18/2012,IGGBR10D,,,,1.88,,
09/19/2012,IGGBR10D,,,,1.84,,
09/20/2012,IGGBR10D,,,,1.8,,
09/21/2012,IGGBR10D,,,,1.83,,
09/24/2012,IGGBR10D,,,,1.81,,
09/25/2012,IGGBR10D,,,,1.82,,
09/26/2012,IGGBR10D,,,,1.69,,
09/27/2012,IGGBR10D,,,,1.73,,
09/28/2012,IGGBR10D,,,,1.73,,
10/01/2012,IGGBR10D,,,,1.74,,
10/02/2012,IGGBR10D,,,,1.71,,
10/03/2012,IGGBR10D,,,,1.69,,
10/04/2012,IGGBR10D,,,,1.7,,
10/05/2012,IGGBR10D,,,,1.77,,
10/08/2012,IGGBR10D,,,,1.73,,
10/09/2012,IGGBR10D,,,,1.73,,
10/10/2012,IGGBR10D,,,,1.77,,
10/11/2012,IGGBR10D,,,,1.78,,
10/12/2012,IGGBR10D,,,,1.72,,
10/15/2012,IGGBR10D,,,,1.76,,
10/16/2012,IGGBR10D,,,,1.82,,
10/17/2012,IGGBR10D,,,,1.92,,
10/18/2012,IGGBR10D,,,,1.91,,
10/19/2012,IGGBR10D,,,,1.88,,
10/22/2012,IGGBR10D,,,,1.9,,
10/23/2012,IGGBR10D,,,,1.82,,
10/25/2012,IGGBR10D,,,,1.91,,
10/26/2012,IGGBR10D,,,,1.87,,
10/29/2012,IGGBR10D,,,,1.8,,
10/30/2012,IGGBR10D,,,,1.83,,
10/31/2012,IGGBR10D,,,,1.85,,
11/01/2012,IGGBR10D,,,,1.87,,
11/02/2012,IGGBR10D,,,,1.86,,
11/05/2012,IGGBR10D,,,,1.82,,
11/06/2012,IGGBR10D,,,,1.82,,
11/07/2012,IGGBR10D,,,,1.76,,
11/08/2012,IGGBR10D,,,,1.77,,
11/09/2012,IGGBR10D,,,,1.73,,
11/12/2012,IGGBR10D,,,,1.72,,
11/13/2012,IGGBR10D,,,,1.71,,
11/14/2012,IGGBR10D,,,,1.75,,
12/05/2012,IGGBR10D,,,,1.78,,
12/06/2012,IGGBR10D,,,,1.74,,
12/07/2012,IGGBR10D,,,,1.74,,
12/10/2012,IGGBR10D,,,,1.77,,
12/11/2012,IGGBR10D,,,,1.8,,
12/12/2012,IGGBR10D,,,,1.82,,
12/13/2012,IGGBR10D,,,,1.86,,
12/14/2012,IGGBR10D,,,,1.86,,
12/17/2012,IGGBR10D,,,,1.89,,
12/18/2012,IGGBR10D,,,,1.95,,
12/19/2012,IGGBR10D,,,,1.96,,
12/20/2012,IGGBR10D,,,,1.95,,
12/21/2012,IGGBR10D,,,,1.89,,
12/24/2012,IGGBR10D,,,,1.89,,
12/25/2012,IGGBR10D,,,,1.89,,
12/26/2012,IGGBR10D,,,,1.89,,
12/27/2012,IGGBR10D,,,,1.81,,
12/28/2012,IGGBR10D,,,,1.82,,
12/31/2012,IGGBR10D,,,,1.83,,
01/01/2013,IGGBR10D,,,,1.83,,
01/02/2013,IGGBR10D,,,,1.99,,
01/03/2013,IGGBR10D,,,,2.07,,
01/04/2013,IGGBR10D,,,,2.12,,
01/07/2013,IGGBR10D,,,,2.09,,
01/08/2013,IGGBR10D,,,,2.03,,
01/09/2013,IGGBR10D,,,,2.02,,
01/10/2013,IGGBR10D,,,,2.1,,
01/11/2013,IGGBR10D,,,,2.08,,
01/14/2013,IGGBR10D,,,,2.04,,
01/15/2013,IGGBR10D,,,,2.02,,
01/16/2013,IGGBR10D,,,,2,,
01/17/2013,IGGBR10D,,,,2.04,,
01/18/2013,IGGBR10D,,,,2.01,,
01/21/2013,IGGBR10D,,,,2.06,,
01/22/2013,IGGBR10D,,,,2.02,,
01/23/2013,IGGBR10D,,,,1.99,,
01/24/2013,IGGBR10D,,,,2.01,,
01/25/2013,IGGBR10D,,,,2.06,,
01/28/2013,IGGBR10D,,,,2.1,,
01/29/2013,IGGBR10D,,,,2.09,,
01/30/2013,IGGBR10D,,,,2.11,,
01/31/2013,IGGBR10D,,,,2.11,,
02/01/2013,IGGBR10D,,,,2.11,,
02/04/2013,IGGBR10D,,,,2.08,,
02/05/2013,IGGBR10D,,,,2.12,,
02/06/2013,IGGBR10D,,,,2.1,,
02/07/2013,IGGBR10D,,,,2.1,,
02/08/2013,IGGBR10D,,,,2.1,,
02/11/2013,IGGBR10D,,,,2.11,,
02/12/2013,IGGBR10D,,,,2.1,,
02/13/2013,IGGBR10D,,,,2.21,,
02/14/2013,IGGBR10D,,,,2.2,,
02/15/2013,IGGBR10D,,,,2.19,,
02/18/2013,IGGBR10D,,,,2.2,,
02/19/2013,IGGBR10D,,,,2.18,,
02/20/2013,IGGBR10D,,,,2.19,,
02/21/2013,IGGBR10D,,,,2.1,,
02/22/2013,IGGBR10D,,,,2.11,,
02/25/2013,IGGBR10D,,,,2.08,,
02/26/2013,IGGBR10D,,,,1.97,,
02/27/2013,IGGBR10D,,,,1.96,,
02/28/2013,IGGBR10D,,,,1.97,,
03/01/2013,IGGBR10D,,,,1.87,,
03/04/2013,IGGBR10D,,,,1.91,,
03/05/2013,IGGBR10D,,,,1.96,,
03/06/2013,IGGBR10D,,,,1.96,,
03/07/2013,IGGBR10D,,,,2.01,,
03/08/2013,IGGBR10D,,,,2.06,,
03/11/2013,IGGBR10D,,,,2.02,,
03/12/2013,IGGBR10D,,,,1.96,,
03/13/2013,IGGBR10D,,,,1.97,,
03/14/2013,IGGBR10D,,,,1.96,,
03/15/2013,IGGBR10D,,,,1.94,,
03/18/2013,IGGBR10D,,,,1.9,,
03/19/2013,IGGBR10D,,,,1.83,,
03/20/2013,IGGBR10D,,,,1.88,,
03/21/2013,IGGBR10D,,,,1.86,,
03/22/2013,IGGBR10D,,,,1.85,,
03/25/2013,IGGBR10D,,,,1.8,,
03/27/2013,IGGBR10D,,,,1.72,,
03/28/2013,IGGBR10D,,,,1.77,,
03/29/2013,IGGBR10D,,,,1.77,,
04/01/2013,IGGBR10D,,,,1.77,,
04/02/2013,IGGBR10D,,,,1.78,,
04/03/2013,IGGBR10D,,,,1.76,,
04/04/2013,IGGBR10D,,,,1.71,,
04/05/2013,IGGBR10D,,,,1.63,,
04/08/2013,IGGBR10D,,,,1.7,,
04/09/2013,IGGBR10D,,,,1.74,,
04/10/2013,IGGBR10D,,,,1.78,,
04/11/2013,IGGBR10D,,,,1.77,,
04/12/2013,IGGBR10D,,,,1.73,,
04/15/2013,IGGBR10D,,,,1.7,,
04/16/2013,IGGBR10D,,,,1.73,,
04/17/2013,IGGBR10D,,,,1.68,,
04/18/2013,IGGBR10D,,,,1.66,,
04/19/2013,IGGBR10D,,,,1.66,,
04/22/2013,IGGBR10D,,,,1.65,,
04/23/2013,IGGBR10D,,,,1.72,,
04/24/2013,IGGBR10D,,,,1.69,,
04/25/2013,IGGBR10D,,,,1.73,,
04/29/2013,IGGBR10D,,,,1.66,,
04/30/2013,IGGBR10D,,,,1.69,,
05/01/2013,IGGBR10D,,,,1.65,,
05/02/2013,IGGBR10D,,,,1.62,,
05/03/2013,IGGBR10D,,,,1.73,,
05/06/2013,IGGBR10D,,,,1.72,,
05/07/2013,IGGBR10D,,,,1.79,,
05/08/2013,IGGBR10D,,,,1.77,,
05/09/2013,IGGBR10D,,,,1.78,,
05/10/2013,IGGBR10D,,,,1.89,,
05/13/2013,IGGBR10D,,,,1.88,,
05/14/2013,IGGBR10D,,,,1.9,,
05/15/2013,IGGBR10D,,,,1.92,,
05/16/2013,IGGBR10D,,,,1.86,,
05/17/2013,IGGBR10D,,,,1.88,,
05/20/2013,IGGBR10D,,,,1.91,,
05/21/2013,IGGBR10D,,,,1.91,,
05/22/2013,IGGBR10D,,,,1.9,,
05/23/2013,IGGBR10D,,,,1.91,,
05/24/2013,IGGBR10D,,,,1.89,,
05/27/2013,IGGBR10D,,,,1.89,,
05/28/2013,IGGBR10D,,,,1.96,,
05/29/2013,IGGBR10D,,,,2,,
05/30/2013,IGGBR10D,,,,1.96,,
05/31/2013,IGGBR10D,,,,2,,
06/03/2013,IGGBR10D,,,,1.99,,
06/04/2013,IGGBR10D,,,,2.03,,
06/05/2013,IGGBR10D,,,,2.01,,
06/06/2013,IGGBR10D,,,,2.02,,
06/07/2013,IGGBR10D,,,,2.07,,
06/10/2013,IGGBR10D,,,,2.14,,
06/11/2013,IGGBR10D,,,,2.17,,
06/12/2013,IGGBR10D,,,,2.14,,
06/13/2013,IGGBR10D,,,,2.12,,
06/14/2013,IGGBR10D,,,,2.06,,
06/17/2013,IGGBR10D,,,,2.08,,
06/18/2013,IGGBR10D,,,,2.14,,
06/19/2013,IGGBR10D,,,,2.13,,
06/20/2013,IGGBR10D,,,,2.29,,
06/21/2013,IGGBR10D,,,,2.4,,
06/24/2013,IGGBR10D,,,,2.53,,
06/25/2013,IGGBR10D,,,,2.54,,
06/26/2013,IGGBR10D,,,,2.45,,
06/27/2013,IGGBR10D,,,,2.43,,
06/28/2013,IGGBR10D,,,,2.44,,
07/01/2013,IGGBR10D,,,,2.41,,
07/02/2013,IGGBR10D,,,,2.37,,
07/03/2013,IGGBR10D,,,,2.39,,
07/04/2013,IGGBR10D,,,,2.38,,
07/05/2013,IGGBR10D,,,,2.48,,
07/08/2013,IGGBR10D,,,,2.48,,
07/09/2013,IGGBR10D,,,,2.43,,
07/10/2013,IGGBR10D,,,,2.41,,
07/11/2013,IGGBR10D,,,,2.38,,
07/12/2013,IGGBR10D,,,,2.33,,
07/15/2013,IGGBR10D,,,,2.34,,
07/16/2013,IGGBR10D,,,,2.26,,
07/17/2013,IGGBR10D,,,,2.29,,
07/18/2013,IGGBR10D,,,,2.25,,
07/19/2013,IGGBR10D,,,,2.28,,
07/22/2013,IGGBR10D,,,,2.26,,
07/23/2013,IGGBR10D,,,,2.3,,
07/24/2013,IGGBR10D,,,,2.39,,
07/25/2013,IGGBR10D,,,,2.37,,
07/26/2013,IGGBR10D,,,,2.33,,
07/29/2013,IGGBR10D,,,,2.32,,
07/30/2013,IGGBR10D,,,,2.31,,
07/31/2013,IGGBR10D,,,,2.36,,
08/01/2013,IGGBR10D,,,,2.4,,
08/02/2013,IGGBR10D,,,,2.42,,
08/05/2013,IGGBR10D,,,,2.47,,
08/06/2013,IGGBR10D,,,,2.48,,
08/07/2013,IGGBR10D,,,,2.48,,
08/08/2013,IGGBR10D,,,,2.48,,
08/09/2013,IGGBR10D,,,,2.46,,
08/12/2013,IGGBR10D,,,,2.46,,
08/13/2013,IGGBR10D,,,,2.59,,
08/14/2013,IGGBR10D,,,,2.63,,
08/15/2013,IGGBR10D,,,,2.68,,
08/16/2013,IGGBR10D,,,,2.7,,
08/19/2013,IGGBR10D,,,,2.74,,
08/20/2013,IGGBR10D,,,,2.67,,
08/21/2013,IGGBR10D,,,,2.7,,
08/22/2013,IGGBR10D,,,,2.71,,
08/23/2013,IGGBR10D,,,,2.7,,
08/26/2013,IGGBR10D,,,,2.7,,
08/27/2013,IGGBR10D,,,,2.78,,
08/28/2013,IGGBR10D,,,,2.8,,
08/29/2013,IGGBR10D,,,,2.77,,
08/30/2013,IGGBR10D,,,,2.77,,
09/02/2013,IGGBR10D,,,,2.84,,
09/03/2013,IGGBR10D,,,,2.88,,
09/04/2013,IGGBR10D,,,,2.88,,
09/05/2013,IGGBR10D,,,,3.01,,
09/06/2013,IGGBR10D,,,,2.93,,
09/09/2013,IGGBR10D,,,,2.95,,
09/10/2013,IGGBR10D,,,,3.02,,
09/11/2013,IGGBR10D,,,,3,,
09/12/2013,IGGBR10D,,,,2.94,,
09/13/2013,IGGBR10D,,,,2.91,,
09/16/2013,IGGBR10D,,,,2.88,,
09/17/2013,IGGBR10D,,,,2.93,,
09/18/2013,IGGBR10D,,,,3,,
09/19/2013,IGGBR10D,,,,2.9,,
09/20/2013,IGGBR10D,,,,2.92,,
09/23/2013,IGGBR10D,,,,2.91,,
09/24/2013,IGGBR10D,,,,2.79,,
09/25/2013,IGGBR10D,,,,2.75,,
09/26/2013,IGGBR10D,,,,2.75,,
09/27/2013,IGGBR10D,,,,2.71,,
09/30/2013,IGGBR10D,,,,2.72,,
10/01/2013,IGGBR10D,,,,2.71,,
10/02/2013,IGGBR10D,,,,2.71,,
10/03/2013,IGGBR10D,,,,2.67,,
10/04/2013,IGGBR10D,,,,2.74,,
10/07/2013,IGGBR10D,,,,2.7,,
10/08/2013,IGGBR10D,,,,2.69,,
10/09/2013,IGGBR10D,,,,2.68,,
10/10/2013,IGGBR10D,,,,2.75,,
10/11/2013,IGGBR10D,,,,2.73,,
10/14/2013,IGGBR10D,,,,2.74,,
10/15/2013,IGGBR10D,,,,2.8,,
10/16/2013,IGGBR10D,,,,2.83,,
10/17/2013,IGGBR10D,,,,2.74,,
10/18/2013,IGGBR10D,,,,2.71,,
10/21/2013,IGGBR10D,,,,2.73,,
10/22/2013,IGGBR10D,,,,2.64,,
10/23/2013,IGGBR10D,,,,2.59,,
10/24/2013,IGGBR10D,,,,2.63,,
10/25/2013,IGGBR10D,,,,2.61,,
10/28/2013,IGGBR10D,,,,2.6,,
10/29/2013,IGGBR10D,,,,2.6,,
10/30/2013,IGGBR10D,,,,2.54,,
10/31/2013,IGGBR10D,,,,2.61,,
11/01/2013,IGGBR10D,,,,2.64,,
11/04/2013,IGGBR10D,,,,2.62,,
11/05/2013,IGGBR10D,,,,2.72,,
11/06/2013,IGGBR10D,,,,2.71,,
11/07/2013,IGGBR10D,,,,2.67,,
11/08/2013,IGGBR10D,,,,2.76,,
11/11/2013,IGGBR10D,,,,2.806,,
11/12/2013,IGGBR10D,,,,2.805,,
11/13/2013,IGGBR10D,,,,2.801,,
11/14/2013,IGGBR10D,,,,2.751,,
11/15/2013,IGGBR10D,,,,2.747,,
11/18/2013,IGGBR10D,,,,2.724,,
11/19/2013,IGGBR10D,,,,2.728,,
11/20/2013,IGGBR10D,,,,2.747,,
11/21/2013,IGGBR10D,,,,2.818,,
11/22/2013,IGGBR10D,,,,2.793,,
11/25/2013,IGGBR10D,,,,2.773,,
11/26/2013,IGGBR10D,,,,2.734,,
11/27/2013,IGGBR10D,,,,2.767,,
11/28/2013,IGGBR10D,,,,2.742,,
11/29/2013,IGGBR10D,,,,2.774,,
12/02/2013,IGGBR10D,,,,2.844,,
12/03/2013,IGGBR10D,,,,2.826,,
12/04/2013,IGGBR10D,,,,2.917,,
12/05/2013,IGGBR10D,,,,2.92,,
12/06/2013,IGGBR10D,,,,2.909,,
12/09/2013,IGGBR10D,,,,2.924,,
12/10/2013,IGGBR10D,,,,2.883,,
12/11/2013,IGGBR10D,,,,2.867,,
12/12/2013,IGGBR10D,,,,2.896,,
12/13/2013,IGGBR10D,,,,2.904,,
12/16/2013,IGGBR10D,,,,2.897,,
12/17/2013,IGGBR10D,,,,2.879,,
12/18/2013,IGGBR10D,,,,2.929,,
12/19/2013,IGGBR10D,,,,2.966,,
12/20/2013,IGGBR10D,,,,2.952,,
12/23/2013,IGGBR10D,,,,2.981,,
12/24/2013,IGGBR10D,,,,2.988,,
12/25/2013,IGGBR10D,,,,2.988,,
12/26/2013,IGGBR10D,,,,2.988,,
12/27/2013,IGGBR10D,,,,3.079,,
12/30/2013,IGGBR10D,,,,3.042,,
12/31/2013,IGGBR10D,,,,3.036,,
01/01/2014,IGGBR10D,,,,3.036,,
01/02/2014,IGGBR10D,,,,3.028,,
01/03/2014,IGGBR10D,,,,3.029,,
01/06/2014,IGGBR10D,,,,2.975,,
01/07/2014,IGGBR10D,,,,2.948,,
01/08/2014,IGGBR10D,,,,2.985,,
01/09/2014,IGGBR10D,,,,2.979,,
01/10/2014,IGGBR10D,,,,2.871,,
01/13/2014,IGGBR10D,,,,2.819,,
01/14/2014,IGGBR10D,,,,2.845,,
01/15/2014,IGGBR10D,,,,2.874,,
01/16/2014,IGGBR10D,,,,2.816,,
01/17/2014,IGGBR10D,,,,2.835,,
01/20/2014,IGGBR10D,,,,2.829,,
01/21/2014,IGGBR10D,,,,2.836,,
01/22/2014,IGGBR10D,,,,2.901,,
01/23/2014,IGGBR10D,,,,2.795,,
01/24/2014,IGGBR10D,,,,2.783,,
01/27/2014,IGGBR10D,,,,2.792,,
01/28/2014,IGGBR10D,,,,2.807,,
01/29/2014,IGGBR10D,,,,2.753,,
01/30/2014,IGGBR10D,,,,2.749,,
01/31/2014,IGGBR10D,,,,2.72,,
02/03/2014,IGGBR10D,,,,2.685,,
02/04/2014,IGGBR10D,,,,2.715,,
02/05/2014,IGGBR10D,,,,2.702,,
02/06/2014,IGGBR10D,,,,2.738,,
02/07/2014,IGGBR10D,,,,2.712,,
02/10/2014,IGGBR10D,,,,2.724,,
02/11/2014,IGGBR10D,,,,2.746,,
02/12/2014,IGGBR10D,,,,2.829,,
02/13/2014,IGGBR10D,,,,2.787,,
02/14/2014,IGGBR10D,,,,2.786,,
02/17/2014,IGGBR10D,,,,2.789,,
02/18/2014,IGGBR10D,,,,2.753,,
02/19/2014,IGGBR10D,,,,2.743,,
02/20/2014,IGGBR10D,,,,2.795,,
02/21/2014,IGGBR10D,,,,2.776,,
02/24/2014,IGGBR10D,,,,2.783,,
02/25/2014,IGGBR10D,,,,2.751,,
02/26/2014,IGGBR10D,,,,2.735,,
02/27/2014,IGGBR10D,,,,2.678,,
02/28/2014,IGGBR10D,,,,2.721,,
03/03/2014,IGGBR10D,,,,2.649,,
03/04/2014,IGGBR10D,,,,2.706,,
03/05/2014,IGGBR10D,,,,2.719,,
03/06/2014,IGGBR10D,,,,2.763,,
03/11/2014,IGGBR10D,,,,2.784,,
03/12/2014,IGGBR10D,,,,2.747,,
03/13/2014,IGGBR10D,,,,2.688,,
03/14/2014,IGGBR10D,,,,2.668,,
03/17/2014,IGGBR10D,,,,2.687,,
03/18/2014,IGGBR10D,,,,2.689,,
03/19/2014,IGGBR10D,,,,2.705,,
03/20/2014,IGGBR10D,,,,2.775,,
03/21/2014,IGGBR10D,,,,2.743,,
03/24/2014,IGGBR10D,,,,2.696,,
03/25/2014,IGGBR10D,,,,2.711,,
03/26/2014,IGGBR10D,,,,2.694,,
03/27/2014,IGGBR10D,,,,2.679,,
03/28/2014,IGGBR10D,,,,2.727,,
03/31/2014,IGGBR10D,,,,2.733,,
04/01/2014,IGGBR10D,,,,2.735,,
04/02/2014,IGGBR10D,,,,2.77,,
04/03/2014,IGGBR10D,,,,2.756,,
04/04/2014,IGGBR10D,,,,2.679,,
04/07/2014,IGGBR10D,,,,2.669,,
04/08/2014,IGGBR10D,,,,2.699,,
04/09/2014,IGGBR10D,,,,2.698,,
04/10/2014,IGGBR10D,,,,2.618,,
04/11/2014,IGGBR10D,,,,2.616,,
04/14/2014,IGGBR10D,,,,2.636,,
04/15/2014,IGGBR10D,,,,2.594,,
04/16/2014,IGGBR10D,,,,2.641,,
04/17/2014,IGGBR10D,,,,2.696,,
04/18/2014,IGGBR10D,,,,2.696,,
04/21/2014,IGGBR10D,,,,2.696,,
04/22/2014,IGGBR10D,,,,2.713,,
04/23/2014,IGGBR10D,,,,2.677,,
04/24/2014,IGGBR10D,,,,2.697,,
04/25/2014,IGGBR10D,,,,2.647,,
04/28/2014,IGGBR10D,,,,2.664,,
04/29/2014,IGGBR10D,,,,2.687,,
04/30/2014,IGGBR10D,,,,2.662,,
05/01/2014,IGGBR10D,,,,2.641,,
05/02/2014,IGGBR10D,,,,2.636,,
05/05/2014,IGGBR10D,,,,2.636,,
05/06/2014,IGGBR10D,,,,2.664,,
05/07/2014,IGGBR10D,,,,2.659,,
05/08/2014,IGGBR10D,,,,2.648,,
05/09/2014,IGGBR10D,,,,2.698,,
05/12/2014,IGGBR10D,,,,2.733,,
05/13/2014,IGGBR10D,,,,2.685,,
05/14/2014,IGGBR10D,,,,2.584,,
05/15/2014,IGGBR10D,,,,2.531,,
05/16/2014,IGGBR10D,,,,2.567,,
05/19/2014,IGGBR10D,,,,2.597,,
05/20/2014,IGGBR10D,,,,2.611,,
05/21/2014,IGGBR10D,,,,2.645,,
05/22/2014,IGGBR10D,,,,2.653,,
05/23/2014,IGGBR10D,,,,2.645,,
05/26/2014,IGGBR10D,,,,2.645,,
05/27/2014,IGGBR10D,,,,2.641,,
05/28/2014,IGGBR10D,,,,2.549,,
05/29/2014,IGGBR10D,,,,2.549,,
05/30/2014,IGGBR10D,,,,2.573,,
06/02/2014,IGGBR10D,,,,2.625,,
06/03/2014,IGGBR10D,,,,2.651,,
06/04/2014,IGGBR10D,,,,2.693,,
06/05/2014,IGGBR10D,,,,2.677,,
06/06/2014,IGGBR10D,,,,2.665,,
06/09/2014,IGGBR10D,,,,2.696,,
06/10/2014,IGGBR10D,,,,2.722,,
06/11/2014,IGGBR10D,,,,2.716,,
06/12/2014,IGGBR10D,,,,2.723,,
06/13/2014,IGGBR10D,,,,2.75,,
06/16/2014,IGGBR10D,,,,2.759,,
06/17/2014,IGGBR10D,,,,2.781,,
06/18/2014,IGGBR10D,,,,2.743,,
06/19/2014,IGGBR10D,,,,2.744,,
06/20/2014,IGGBR10D,,,,2.761,,
06/23/2014,IGGBR10D,,,,2.742,,
06/24/2014,IGGBR10D,,,,2.736,,
06/25/2014,IGGBR10D,,,,2.648,,
06/26/2014,IGGBR10D,,,,2.632,,
06/27/2014,IGGBR10D,,,,2.643,,
06/30/2014,IGGBR10D,,,,2.676,,
07/02/2014,IGGBR10D,,,,2.752,,
07/03/2014,IGGBR10D,,,,2.748,,
07/04/2014,IGGBR10D,,,,2.754,,
07/07/2014,IGGBR10D,,,,2.731,,
07/08/2014,IGGBR10D,,,,2.651,,
07/09/2014,IGGBR10D,,,,2.661,,
07/10/2014,IGGBR10D,,,,2.631,,
07/11/2014,IGGBR10D,,,,2.601,,
07/14/2014,IGGBR10D,,,,2.613,,
07/15/2014,IGGBR10D,,,,2.648,,
07/16/2014,IGGBR10D,,,,2.652,,
07/17/2014,IGGBR10D,,,,2.587,,
07/18/2014,IGGBR10D,,,,2.582,,
07/21/2014,IGGBR10D,,,,2.567,,
07/22/2014,IGGBR10D,,,,2.588,,
07/23/2014,IGGBR10D,,,,2.557,,
07/24/2014,IGGBR10D,,,,2.608,,
07/25/2014,IGGBR10D,,,,2.565,,
07/28/2014,IGGBR10D,,,,2.579,,
07/29/2014,IGGBR10D,,,,2.547,,
07/30/2014,IGGBR10D,,,,2.594,,
07/31/2014,IGGBR10D,,,,2.616,,
08/01/2014,IGGBR10D,,,,2.563,,
08/04/2014,IGGBR10D,,,,2.539,,
08/05/2014,IGGBR10D,,,,2.586,,
08/06/2014,IGGBR10D,,,,2.516,,
08/07/2014,IGGBR10D,,,,2.492,,
08/08/2014,IGGBR10D,,,,2.46,,
08/11/2014,IGGBR10D,,,,2.494,,
08/12/2014,IGGBR10D,,,,2.48,,
08/13/2014,IGGBR10D,,,,2.447,,
08/14/2014,IGGBR10D,,,,2.437,,
08/15/2014,IGGBR10D,,,,2.344,,
08/18/2014,IGGBR10D,,,,2.435,,
08/20/2014,IGGBR10D,,,,2.422,,
08/21/2014,IGGBR10D,,,,2.397,,
08/22/2014,IGGBR10D,,,,2.4,,
08/25/2014,IGGBR10D,,,,2.563,,
08/26/2014,IGGBR10D,,,,2.45,,
08/27/2014,IGGBR10D,,,,2.385,,
08/28/2014,IGGBR10D,,,,2.374,,
08/29/2014,IGGBR10D,,,,2.366,,
09/01/2014,IGGBR10D,,,,2.382,,
09/02/2014,IGGBR10D,,,,2.441,,
09/03/2014,IGGBR10D,,,,2.466,,
09/04/2014,IGGBR10D,,,,2.501,,
09/05/2014,IGGBR10D,,,,2.469,,
09/08/2014,IGGBR10D,,,,2.489,,
09/09/2014,IGGBR10D,,,,2.479,,
09/10/2014,IGGBR10D,,,,2.504,,
09/11/2014,IGGBR10D,,,,2.501,,
09/12/2014,IGGBR10D,,,,2.534,,
09/15/2014,IGGBR10D,,,,2.542,,
09/16/2014,IGGBR10D,,,,2.526,,
09/17/2014,IGGBR10D,,,,2.516,,
09/18/2014,IGGBR10D,,,,2.578,,
09/19/2014,IGGBR10D,,,,2.54,,
09/22/2014,IGGBR10D,,,,2.497,,
09/23/2014,IGGBR10D,,,,2.486,,
09/24/2014,IGGBR10D,,,,2.482,,
09/25/2014,IGGBR10D,,,,2.448,,
09/26/2014,IGGBR10D,,,,2.468,,
09/29/2014,IGGBR10D,,,,2.44,,
09/30/2014,IGGBR10D,,,,2.429,,
10/01/2014,IGGBR10D,,,,2.352,,
10/02/2014,IGGBR10D,,,,2.337,,
10/03/2014,IGGBR10D,,,,2.388,,
10/07/2014,IGGBR10D,,,,2.283,,
10/08/2014,IGGBR10D,,,,2.271,,
10/09/2014,IGGBR10D,,,,2.265,,
10/10/2014,IGGBR10D,,,,2.223,,
10/13/2014,IGGBR10D,,,,2.167,,
10/14/2014,IGGBR10D,,,,2.133,,
10/15/2014,IGGBR10D,,,,1.936,,
10/16/2014,IGGBR10D,,,,2.115,,
10/17/2014,IGGBR10D,,,,2.192,,
10/20/2014,IGGBR10D,,,,2.133,,
10/21/2014,IGGBR10D,,,,2.169,,
10/22/2014,IGGBR10D,,,,2.2,,
10/23/2014,IGGBR10D,,,,2.246,,
10/24/2014,IGGBR10D,,,,2.236,,
10/27/2014,IGGBR10D,,,,2.216,,
10/28/2014,IGGBR10D,,,,2.235,,
11/21/2014,IGGBR10D,,,,2.049,,
11/24/2014,IGGBR10D,,,,2.045,,
11/25/2014,IGGBR10D,,,,2.014,,
11/26/2014,IGGBR10D,,,,1.982,,
11/27/2014,IGGBR10D,,,,1.922,,
11/28/2014,IGGBR10D,,,,1.926,,
12/01/2014,IGGBR10D,,,,1.913,,
12/02/2014,IGGBR10D,,,,1.974,,
12/03/2014,IGGBR10D,,,,2.017,,
12/04/2014,IGGBR10D,,,,1.994,,
12/05/2014,IGGBR10D,,,,2.015,,
12/08/2014,IGGBR10D,,,,1.964,,
12/09/2014,IGGBR10D,,,,1.893,,
12/10/2014,IGGBR10D,,,,1.912,,
12/11/2014,IGGBR10D,,,,1.914,,
12/12/2014,IGGBR10D,,,,1.804,,
12/15/2014,IGGBR10D,,,,1.812,,
12/16/2014,IGGBR10D,,,,1.772,,
12/17/2014,IGGBR10D,,,,1.761,,
12/18/2014,IGGBR10D,,,,1.879,,
12/19/2014,IGGBR10D,,,,1.852,,
12/22/2014,IGGBR10D,,,,1.827,,
12/23/2014,IGGBR10D,,,,1.847,,
12/24/2014,IGGBR10D,,,,1.882,,
12/25/2014,IGGBR10D,,,,1.882,,
12/26/2014,IGGBR10D,,,,1.882,,
12/29/2014,IGGBR10D,,,,1.825,,
12/30/2014,IGGBR10D,,,,1.792,,
12/31/2014,IGGBR10D,,,,1.756,,
01/01/2015,IGGBR10D,,,,1.756,,
01/02/2015,IGGBR10D,,,,1.73,,
01/05/2015,IGGBR10D,,,,1.667,,
01/06/2015,IGGBR10D,,,,1.581,,
01/07/2015,IGGBR10D,,,,1.605,,
01/08/2015,IGGBR10D,,,,1.644,,
01/09/2015,IGGBR10D,,,,1.588,,
01/12/2015,IGGBR10D,,,,1.577,,
01/13/2015,IGGBR10D,,,,1.593,,
01/14/2015,IGGBR10D,,,,1.519,,
01/15/2015,IGGBR10D,,,,1.52,,
01/16/2015,IGGBR10D,,,,1.539,,
01/19/2015,IGGBR10D,,,,1.531,,
01/20/2015,IGGBR10D,,,,1.537,,
01/21/2015,IGGBR10D,,,,1.486,,
01/22/2015,IGGBR10D,,,,1.524,,
01/23/2015,IGGBR10D,,,,1.478,,
01/26/2015,IGGBR10D,,,,1.506,,
01/27/2015,IGGBR10D,,,,1.48,,
01/28/2015,IGGBR10D,,,,1.46,,
01/29/2015,IGGBR10D,,,,1.423,,
01/30/2015,IGGBR10D,,,,1.341,,
02/02/2015,IGGBR10D,,,,1.385,,
02/03/2015,IGGBR10D,,,,1.473,,
02/04/2015,IGGBR10D,,,,1.469,,
02/05/2015,IGGBR10D,,,,1.509,,
02/06/2015,IGGBR10D,,,,1.533,,
02/09/2015,IGGBR10D,,,,1.583,,
02/10/2015,IGGBR10D,,,,1.663,,
02/11/2015,IGGBR10D,,,,1.654,,
02/12/2015,IGGBR10D,,,,1.724,,
02/13/2015,IGGBR10D,,,,1.708,,
02/16/2015,IGGBR10D,,,,1.685,,
02/17/2015,IGGBR10D,,,,1.701,,
02/18/2015,IGGBR10D,,,,1.812,,
02/19/2015,IGGBR10D,,,,1.809,,
02/20/2015,IGGBR10D,,,,1.824,,
02/23/2015,IGGBR10D,,,,1.808,,
02/24/2015,IGGBR10D,,,,1.822,,
02/25/2015,IGGBR10D,,,,1.707,,
02/26/2015,IGGBR10D,,,,1.69,,
02/27/2015,IGGBR10D,,,,1.804,,
03/02/2015,IGGBR10D,,,,1.75,,
03/03/2015,IGGBR10D,,,,1.833,,
03/04/2015,IGGBR10D,,,,1.874,,
03/05/2015,IGGBR10D,,,,1.876,,
03/06/2015,IGGBR10D,,,,1.86,,
03/09/2015,IGGBR10D,,,,1.935,,
03/10/2015,IGGBR10D,,,,1.909,,
03/11/2015,IGGBR10D,,,,1.811,,
03/12/2015,IGGBR10D,,,,1.764,,
03/13/2015,IGGBR10D,,,,1.778,,
03/16/2015,IGGBR10D,,,,1.695,,
03/18/2015,IGGBR10D,,,,1.607,,
03/19/2015,IGGBR10D,,,,1.567,,
03/20/2015,IGGBR10D,,,,1.553,,
03/23/2015,IGGBR10D,,,,1.503,,
03/24/2015,IGGBR10D,,,,1.504,,
03/25/2015,IGGBR10D,,,,1.478,,
03/26/2015,IGGBR10D,,,,1.494,,
03/27/2015,IGGBR10D,,,,1.592,,
03/30/2015,IGGBR10D,,,,1.56,,
03/31/2015,IGGBR10D,,,,1.592,,
04/01/2015,IGGBR10D,,,,1.609,,
04/02/2015,IGGBR10D,,,,1.542,,
04/03/2015,IGGBR10D,,,,1.589,,
04/06/2015,IGGBR10D,,,,1.588,,
04/07/2015,IGGBR10D,,,,1.608,,
04/08/2015,IGGBR10D,,,,1.581,,
04/09/2015,IGGBR10D,,,,1.551,,
04/10/2015,IGGBR10D,,,,1.608,,
04/13/2015,IGGBR10D,,,,1.639,,
04/14/2015,IGGBR10D,,,,1.557,,
04/15/2015,IGGBR10D,,,,1.553,,
04/16/2015,IGGBR10D,,,,1.577,,
04/17/2015,IGGBR10D,,,,1.577,,
04/20/2015,IGGBR10D,,,,1.59,,
04/21/2015,IGGBR10D,,,,1.572,,
04/22/2015,IGGBR10D,,,,1.595,,
04/23/2015,IGGBR10D,,,,1.702,,
04/24/2015,IGGBR10D,,,,1.701,,
04/27/2015,IGGBR10D,,,,1.646,,
04/28/2015,IGGBR10D,,,,1.671,,
04/29/2015,IGGBR10D,,,,1.765,,
04/30/2015,IGGBR10D,,,,1.816,,
05/01/2015,IGGBR10D,,,,1.812,,
05/04/2015,IGGBR10D,,,,1.85,,
05/05/2015,IGGBR10D,,,,1.888,,
05/06/2015,IGGBR10D,,,,1.961,,
05/07/2015,IGGBR10D,,,,2.039,,
05/08/2015,IGGBR10D,,,,1.857,,
05/11/2015,IGGBR10D,,,,1.91,,
05/12/2015,IGGBR10D,,,,2.039,,
05/13/2015,IGGBR10D,,,,1.957,,
05/14/2015,IGGBR10D,,,,2.016,,
05/15/2015,IGGBR10D,,,,1.943,,
05/18/2015,IGGBR10D,,,,1.906,,
05/19/2015,IGGBR10D,,,,1.887,,
05/20/2015,IGGBR10D,,,,1.993,,
05/21/2015,IGGBR10D,,,,1.972,,
05/22/2015,IGGBR10D,,,,1.915,,
05/25/2015,IGGBR10D,,,,1.941,,
05/26/2015,IGGBR10D,,,,1.86,,
05/27/2015,IGGBR10D,,,,1.888,,
05/28/2015,IGGBR10D,,,,1.837,,
05/29/2015,IGGBR10D,,,,1.812,,
06/01/2015,IGGBR10D,,,,1.822,,
06/03/2015,IGGBR10D,,,,1.971,,
06/04/2015,IGGBR10D,,,,2.158,,
06/05/2015,IGGBR10D,,,,2.047,,
06/08/2015,IGGBR10D,,,,2.066,,
06/09/2015,IGGBR10D,,,,2.024,,
06/10/2015,IGGBR10D,,,,2.141,,
06/11/2015,IGGBR10D,,,,2.15,,
06/12/2015,IGGBR10D,,,,2.037,,
06/15/2015,IGGBR10D,,,,1.976,,
06/16/2015,IGGBR10D,,,,1.978,,
06/17/2015,IGGBR10D,,,,2.04,,
06/18/2015,IGGBR10D,,,,1.971,,
06/19/2015,IGGBR10D,,,,2.028,,
06/22/2015,IGGBR10D,,,,2.068,,
06/23/2015,IGGBR10D,,,,2.079,,
06/24/2015,IGGBR10D,,,,2.128,,
06/25/2015,IGGBR10D,,,,2.098,,
06/26/2015,IGGBR10D,,,,2.13,,
06/29/2015,IGGBR10D,,,,2.092,,
06/30/2015,IGGBR10D,,,,2.053,,
07/01/2015,IGGBR10D,,,,2.078,,
07/02/2015,IGGBR10D,,,,2.14,,
07/03/2015,IGGBR10D,,,,2.065,,
07/06/2015,IGGBR10D,,,,1.971,,
07/07/2015,IGGBR10D,,,,1.919,,
07/08/2015,IGGBR10D,,,,1.825,,
07/09/2015,IGGBR10D,,,,1.916,,
07/10/2015,IGGBR10D,,,,2.039,,
07/13/2015,IGGBR10D,,,,2.151,,
07/14/2015,IGGBR10D,,,,2.15,,
07/16/2015,IGGBR10D,,,,2.141,,
07/17/2015,IGGBR10D,,,,2.077,,
07/20/2015,IGGBR10D,,,,2.082,,
07/21/2015,IGGBR10D,,,,2.06,,
07/22/2015,IGGBR10D,,,,2.049,,
07/23/2015,IGGBR10D,,,,2.01,,
07/24/2015,IGGBR10D,,,,1.962,,
07/27/2015,IGGBR10D,,,,1.915,,
07/28/2015,IGGBR10D,,,,1.964,,
07/29/2015,IGGBR10D,,,,1.951,,
07/30/2015,IGGBR10D,,,,1.991,,
07/31/2015,IGGBR10D,,,,1.979,,
08/03/2015,IGGBR10D,,,,1.914,,
08/04/2015,IGGBR10D,,,,1.876,,
08/05/2015,IGGBR10D,,,,1.928,,
08/06/2015,IGGBR10D,,,,1.976,,
08/07/2015,IGGBR10D,,,,1.933,,
08/10/2015,IGGBR10D,,,,1.876,,
08/11/2015,IGGBR10D,,,,1.85,,
08/13/2015,IGGBR10D,,,,1.847,,
08/14/2015,IGGBR10D,,,,1.852,,
08/17/2015,IGGBR10D,,,,1.857,,
08/18/2015,IGGBR10D,,,,1.867,,
08/19/2015,IGGBR10D,,,,1.872,,
08/20/2015,IGGBR10D,,,,1.751,,
08/21/2015,IGGBR10D,,,,1.745,,
08/24/2015,IGGBR10D,,,,1.751,,
08/25/2015,IGGBR10D,,,,1.884,,
08/26/2015,IGGBR10D,,,,1.86,,
08/27/2015,IGGBR10D,,,,1.954,,
08/28/2015,IGGBR10D,,,,1.925,,
08/31/2015,IGGBR10D,,,,1.965,,
09/01/2015,IGGBR10D,,,,1.933,,
09/02/2015,IGGBR10D,,,,1.91,,
09/03/2015,IGGBR10D,,,,1.915,,
09/04/2015,IGGBR10D,,,,1.846,,
09/09/2015,IGGBR10D,,,,1.849,,
09/10/2015,IGGBR10D,,,,1.855,,
09/11/2015,IGGBR10D,,,,1.849,,
09/14/2015,IGGBR10D,,,,1.838,,
09/15/2015,IGGBR10D,,,,1.868,,
09/16/2015,IGGBR10D,,,,1.971,,
09/17/2015,IGGBR10D,,,,1.961,,
09/18/2015,IGGBR10D,,,,1.86,,
09/21/2015,IGGBR10D,,,,1.865,,
09/22/2015,IGGBR10D,,,,1.856,,
09/23/2015,IGGBR10D,,,,1.8,,
09/24/2015,IGGBR10D,,,,1.807,,
09/25/2015,IGGBR10D,,,,1.835,,
09/28/2015,IGGBR10D,,,,1.806,,
09/29/2015,IGGBR10D,,,,1.768,,
09/30/2015,IGGBR10D,,,,1.796,,
10/01/2015,IGGBR10D,,,,1.775,,
10/02/2015,IGGBR10D,,,,1.79,,
10/05/2015,IGGBR10D,,,,1.742,,
10/06/2015,IGGBR10D,,,,1.8,,
10/07/2015,IGGBR10D,,,,1.837,,
10/08/2015,IGGBR10D,,,,1.807,,
10/12/2015,IGGBR10D,,,,1.821,,
10/13/2015,IGGBR10D,,,,1.828,,
10/14/2015,IGGBR10D,,,,1.789,,
10/15/2015,IGGBR10D,,,,1.778,,
10/16/2015,IGGBR10D,,,,1.797,,
10/19/2015,IGGBR10D,,,,1.811,,
10/20/2015,IGGBR10D,,,,1.822,,
10/21/2015,IGGBR10D,,,,1.8,,
10/22/2015,IGGBR10D,,,,1.828,,
10/23/2015,IGGBR10D,,,,1.832,,
10/26/2015,IGGBR10D,,,,1.829,,
10/27/2015,IGGBR10D,,,,1.77,,
10/28/2015,IGGBR10D,,,,1.803,,
10/29/2015,IGGBR10D,,,,1.928,,
10/30/2015,IGGBR10D,,,,1.923,,
11/02/2015,IGGBR10D,,,,1.94,,
11/03/2015,IGGBR10D,,,,1.987,,
11/04/2015,IGGBR10D,,,,1.994,,
11/05/2015,IGGBR10D,,,,1.968,,
11/06/2015,IGGBR10D,,,,2.029,,
11/09/2015,IGGBR10D,,,,2.046,,
11/10/2015,IGGBR10D,,,,2.029,,
11/11/2015,IGGBR10D,,,,2.054,,
11/12/2015,IGGBR10D,,,,2.009,,
11/13/2015,IGGBR10D,,,,1.983,,
11/16/2015,IGGBR10D,,,,1.951,,
11/17/2015,IGGBR10D,,,,1.962,,
11/18/2015,IGGBR10D,,,,1.924,,
11/19/2015,IGGBR10D,,,,1.889,,
11/20/2015,IGGBR10D,,,,1.884,,
11/23/2015,IGGBR10D,,,,1.871,,
11/24/2015,IGGBR10D,,,,1.866,,
11/25/2015,IGGBR10D,,,,1.894,,
11/26/2015,IGGBR10D,,,,1.842,,
11/27/2015,IGGBR10D,,,,1.816,,
11/30/2015,IGGBR10D,,,,1.831,,
12/01/2015,IGGBR10D,,,,1.763,,
12/02/2015,IGGBR10D,,,,1.765,,
12/03/2015,IGGBR10D,,,,1.896,,
12/04/2015,IGGBR10D,,,,1.939,,
12/07/2015,IGGBR10D,,,,1.901,,
12/08/2015,IGGBR10D,,,,1.822,,
12/09/2015,IGGBR10D,,,,1.845,,
12/10/2015,IGGBR10D,,,,1.844,,
12/11/2015,IGGBR10D,,,,1.812,,
12/14/2015,IGGBR10D,,,,1.83,,
12/15/2015,IGGBR10D,,,,1.943,,
12/16/2015,IGGBR10D,,,,1.94,,
12/17/2015,IGGBR10D,,,,1.88,,
12/18/2015,IGGBR10D,,,,1.848,,
12/21/2015,IGGBR10D,,,,1.825,,
12/22/2015,IGGBR10D,,,,1.86,,
12/23/2015,IGGBR10D,,,,1.913,,
12/31/2015,IGGBR10D,,,,1.961,,
01/04/2016,IGGBR10D,,,,1.898,,
01/05/2016,IGGBR10D,,,,1.885,,
01/06/2016,IGGBR10D,,,,1.829,,
01/07/2016,IGGBR10D,,,,1.794,,
01/08/2016,IGGBR10D,,,,1.78,,
01/11/2016,IGGBR10D,,,,1.773,,
01/12/2016,IGGBR10D,,,,1.784,,
01/13/2016,IGGBR10D,,,,1.747,,
01/14/2016,IGGBR10D,,,,1.697,,
01/15/2016,IGGBR10D,,,,1.703,,
01/18/2016,IGGBR10D,,,,1.693,,
01/19/2016,IGGBR10D,,,,1.69,,
01/20/2016,IGGBR10D,,,,1.64,,
01/21/2016,IGGBR10D,,,,1.643,,
01/22/2016,IGGBR10D,,,,1.709,,
01/25/2016,IGGBR10D,,,,1.695,,
01/26/2016,IGGBR10D,,,,1.694,,
01/27/2016,IGGBR10D,,,,1.713,,
01/28/2016,IGGBR10D,,,,1.693,,
01/29/2016,IGGBR10D,,,,1.594,,
02/01/2016,IGGBR10D,,,,1.589,,
02/02/2016,IGGBR10D,,,,1.583,,
02/03/2016,IGGBR10D,,,,1.561,,
02/04/2016,IGGBR10D,,,,1.564,,
02/05/2016,IGGBR10D,,,,1.558,,
02/08/2016,IGGBR10D,,,,1.416,,
02/09/2016,IGGBR10D,,,,1.423,,
02/10/2016,IGGBR10D,,,,1.431,,
02/11/2016,IGGBR10D,,,,1.32,,
02/12/2016,IGGBR10D,,,,1.373,,
02/15/2016,IGGBR10D,,,,1.456,,
02/16/2016,IGGBR10D,,,,1.425,,
02/17/2016,IGGBR10D,,,,1.476,,
02/18/2016,IGGBR10D,,,,1.476,,
02/19/2016,IGGBR10D,,,,1.398,,
02/22/2016,IGGBR10D,,,,1.396,,
02/23/2016,IGGBR10D,,,,1.454,,
02/24/2016,IGGBR10D,,,,1.366,,
02/25/2016,IGGBR10D,,,,1.403,,
02/26/2016,IGGBR10D,,,,1.404,,
02/29/2016,IGGBR10D,,,,1.364,,
03/01/2016,IGGBR10D,,,,1.386,,
03/02/2016,IGGBR10D,,,,1.465,,
03/03/2016,IGGBR10D,,,,1.428,,
03/04/2016,IGGBR10D,,,,1.442,,
03/07/2016,IGGBR10D,,,,1.472,,
03/08/2016,IGGBR10D,,,,1.404,,
03/09/2016,IGGBR10D,,,,1.472,,
03/10/2016,IGGBR10D,,,,1.495,,
03/11/2016,IGGBR10D,,,,1.558,,
03/14/2016,IGGBR10D,,,,1.561,,
03/15/2016,IGGBR10D,,,,1.535,,
03/16/2016,IGGBR10D,,,,1.535,,
03/17/2016,IGGBR10D,,,,1.426,,
03/18/2016,IGGBR10D,,,,1.433,,
03/21/2016,IGGBR10D,,,,1.482,,
03/22/2016,IGGBR10D,,,,1.464,,
03/23/2016,IGGBR10D,,,,1.49,,
03/24/2016,IGGBR10D,,,,1.418,,
03/25/2016,IGGBR10D,,,,1.477,,
03/28/2016,IGGBR10D,,,,1.477,,
03/29/2016,IGGBR10D,,,,1.426,,
03/30/2016,IGGBR10D,,,,1.384,,
03/31/2016,IGGBR10D,,,,1.404,,
04/01/2016,IGGBR10D,,,,1.429,,
04/04/2016,IGGBR10D,,,,1.432,,
04/05/2016,IGGBR10D,,,,1.355,,
04/06/2016,IGGBR10D,,,,1.382,,
04/07/2016,IGGBR10D,,,,1.381,,
04/08/2016,IGGBR10D,,,,1.356,,
04/11/2016,IGGBR10D,,,,1.4,,
04/12/2016,IGGBR10D,,,,1.448,,
04/13/2016,IGGBR10D,,,,1.453,,
04/14/2016,IGGBR10D,,,,1.446,,
04/15/2016,IGGBR10D,,,,1.434,,
04/18/2016,IGGBR10D,,,,1.481,,
04/19/2016,IGGBR10D,,,,1.498,,
04/20/2016,IGGBR10D,,,,1.48,,
04/21/2016,IGGBR10D,,,,1.581,,
04/22/2016,IGGBR10D,,,,1.57,,
04/25/2016,IGGBR10D,,,,1.6,,
04/26/2016,IGGBR10D,,,,1.655,,
04/27/2016,IGGBR10D,,,,1.638,,
04/28/2016,IGGBR10D,,,,1.609,,
04/29/2016,IGGBR10D,,,,1.608,,
05/02/2016,IGGBR10D,,,,1.607,,
05/03/2016,IGGBR10D,,,,1.553,,
05/04/2016,IGGBR10D,,,,1.517,,
05/05/2016,IGGBR10D,,,,1.53,,
05/06/2016,IGGBR10D,,,,1.416,,
05/09/2016,IGGBR10D,,,,1.413,,
05/10/2016,IGGBR10D,,,,1.422,,
05/11/2016,IGGBR10D,,,,1.407,,
05/12/2016,IGGBR10D,,,,1.407,,
05/13/2016,IGGBR10D,,,,1.382,,
05/16/2016,IGGBR10D,,,,1.357,,
05/17/2016,IGGBR10D,,,,1.407,,
05/18/2016,IGGBR10D,,,,1.428,,
05/19/2016,IGGBR10D,,,,1.439,,
05/20/2016,IGGBR10D,,,,1.466,,
05/23/2016,IGGBR10D,,,,1.434,,
05/24/2016,IGGBR10D,,,,1.451,,
05/25/2016,IGGBR10D,,,,1.473,,
05/26/2016,IGGBR10D,,,,1.458,,
05/27/2016,IGGBR10D,,,,1.412,,
05/30/2016,IGGBR10D,,,,1.43,,
05/31/2016,IGGBR10D,,,,1.475,,
06/01/2016,IGGBR10D,,,,1.424,,
06/02/2016,IGGBR10D,,,,1.388,,
06/03/2016,IGGBR10D,,,,1.339,,
06/06/2016,IGGBR10D,,,,1.27,,
06/07/2016,IGGBR10D,,,,1.268,,
06/08/2016,IGGBR10D,,,,1.261,,
06/09/2016,IGGBR10D,,,,1.228,,
06/10/2016,IGGBR10D,,,,1.249,,
06/13/2016,IGGBR10D,,,,1.218,,
06/14/2016,IGGBR10D,,,,1.179,,
06/15/2016,IGGBR10D,,,,1.179,,
06/16/2016,IGGBR10D,,,,1.107,,
06/17/2016,IGGBR10D,,,,1.14,,
06/20/2016,IGGBR10D,,,,1.215,,
06/21/2016,IGGBR10D,,,,1.255,,
06/22/2016,IGGBR10D,,,,1.31,,
06/23/2016,IGGBR10D,,,,1.33,,
06/24/2016,IGGBR10D,,,,1.096,,
06/27/2016,IGGBR10D,,,,0.938,,
06/28/2016,IGGBR10D,,,,0.994,,
06/29/2016,IGGBR10D,,,,0.982,,
06/30/2016,IGGBR10D,,,,0.992,,
07/01/2016,IGGBR10D,,,,0.817,,
07/04/2016,IGGBR10D,,,,0.885,,
07/05/2016,IGGBR10D,,,,0.795,,
07/06/2016,IGGBR10D,,,,0.756,,
07/07/2016,IGGBR10D,,,,0.798,,
07/08/2016,IGGBR10D,,,,0.782,,
07/11/2016,IGGBR10D,,,,0.716,,
07/12/2016,IGGBR10D,,,,0.789,,
07/13/2016,IGGBR10D,,,,0.779,,
07/14/2016,IGGBR10D,,,,0.771,,
07/15/2016,IGGBR10D,,,,0.818,,
07/18/2016,IGGBR10D,,,,0.806,,
07/19/2016,IGGBR10D,,,,0.786,,
07/20/2016,IGGBR10D,,,,0.796,,
07/21/2016,IGGBR10D,,,,0.854,,
07/22/2016,IGGBR10D,,,,0.832,,
07/25/2016,IGGBR10D,,,,0.835,,
07/26/2016,IGGBR10D,,,,0.78,,
07/27/2016,IGGBR10D,,,,0.805,,
07/28/2016,IGGBR10D,,,,0.729,,
07/29/2016,IGGBR10D,,,,0.739,,
08/01/2016,IGGBR10D,,,,0.706,,
08/02/2016,IGGBR10D,,,,0.774,,
08/03/2016,IGGBR10D,,,,0.798,,
08/05/2016,IGGBR10D,,,,0.673,,
08/08/2016,IGGBR10D,,,,0.643,,
08/09/2016,IGGBR10D,,,,0.597,,
08/10/2016,IGGBR10D,,,,0.541,,
08/11/2016,IGGBR10D,,,,0.534,,
08/12/2016,IGGBR10D,,,,0.548,,
08/15/2016,IGGBR10D,,,,0.515,,
08/16/2016,IGGBR10D,,,,0.534,,
08/17/2016,IGGBR10D,,,,0.582,,
08/18/2016,IGGBR10D,,,,0.538,,
08/19/2016,IGGBR10D,,,,0.556,,
08/22/2016,IGGBR10D,,,,0.598,,
08/23/2016,IGGBR10D,,,,0.579,,
08/24/2016,IGGBR10D,,,,0.553,,
08/25/2016,IGGBR10D,,,,0.56,,
08/26/2016,IGGBR10D,,,,0.57,,
08/29/2016,IGGBR10D,,,,0.567,,
08/30/2016,IGGBR10D,,,,0.667,,
08/31/2016,IGGBR10D,,,,0.64,,
09/01/2016,IGGBR10D,,,,0.679,,
09/02/2016,IGGBR10D,,,,0.691,,
09/05/2016,IGGBR10D,,,,0.703,,
09/06/2016,IGGBR10D,,,,0.71,,
09/07/2016,IGGBR10D,,,,0.655,,
09/08/2016,IGGBR10D,,,,0.704,,
09/09/2016,IGGBR10D,,,,0.814,,
09/12/2016,IGGBR10D,,,,0.901,,
09/13/2016,IGGBR10D,,,,0.838,,
09/14/2016,IGGBR10D,,,,0.916,,
09/15/2016,IGGBR10D,,,,0.922,,
09/16/2016,IGGBR10D,,,,0.862,,
09/19/2016,IGGBR10D,,,,0.865,,
09/20/2016,IGGBR10D,,,,0.857,,
09/21/2016,IGGBR10D,,,,0.826,,
09/22/2016,IGGBR10D,,,,0.747,,
09/23/2016,IGGBR10D,,,,0.721,,
09/26/2016,IGGBR10D,,,,0.697,,
09/27/2016,IGGBR10D,,,,0.69,,
09/28/2016,IGGBR10D,,,,0.679,,
09/29/2016,IGGBR10D,,,,0.72,,
09/30/2016,IGGBR10D,,,,0.765,,
10/03/2016,IGGBR10D,,,,0.737,,
10/04/2016,IGGBR10D,,,,0.75,,
10/05/2016,IGGBR10D,,,,0.803,,
10/06/2016,IGGBR10D,,,,0.811,,
10/07/2016,IGGBR10D,,,,0.967,,
10/10/2016,IGGBR10D,,,,0.992,,
10/11/2016,IGGBR10D,,,,1.011,,
10/12/2016,IGGBR10D,,,,0.992,,
10/13/2016,IGGBR10D,,,,1.01,,
10/14/2016,IGGBR10D,,,,1.064,,
10/17/2016,IGGBR10D,,,,1.213,,
10/18/2016,IGGBR10D,,,,1.113,,
10/19/2016,IGGBR10D,,,,1.097,,
10/20/2016,IGGBR10D,,,,1.109,,
10/21/2016,IGGBR10D,,,,1.068,,
10/24/2016,IGGBR10D,,,,1.056,,
10/25/2016,IGGBR10D,,,,1.076,,
10/26/2016,IGGBR10D,,,,1.123,,
10/27/2016,IGGBR10D,,,,1.171,,
10/28/2016,IGGBR10D,,,,1.266,,
10/31/2016,IGGBR10D,,,,1.249,,
11/01/2016,IGGBR10D,,,,1.273,,
11/02/2016,IGGBR10D,,,,1.202,,
11/03/2016,IGGBR10D,,,,1.179,,
11/04/2016,IGGBR10D,,,,1.186,,
11/07/2016,IGGBR10D,,,,1.198,,
11/08/2016,IGGBR10D,,,,1.194,,
11/09/2016,IGGBR10D,,,,1.207,,
11/10/2016,IGGBR10D,,,,1.283,,
11/11/2016,IGGBR10D,,,,1.355,,
11/14/2016,IGGBR10D,,,,1.461,,
11/15/2016,IGGBR10D,,,,1.388,,
11/16/2016,IGGBR10D,,,,1.417,,
11/17/2016,IGGBR10D,,,,1.376,,
11/18/2016,IGGBR10D,,,,1.479,,
11/21/2016,IGGBR10D,,,,1.427,,
11/22/2016,IGGBR10D,,,,1.39,,
11/23/2016,IGGBR10D,,,,1.364,,
11/24/2016,IGGBR10D,,,,1.434,,
11/25/2016,IGGBR10D,,,,1.432,,
11/28/2016,IGGBR10D,,,,1.366,,
11/29/2016,IGGBR10D,,,,1.397,,
11/30/2016,IGGBR10D,,,,1.385,,
12/01/2016,IGGBR10D,,,,1.456,,
12/02/2016,IGGBR10D,,,,1.456,,
12/05/2016,IGGBR10D,,,,1.411,,
12/06/2016,IGGBR10D,,,,1.392,,
12/07/2016,IGGBR10D,,,,1.395,,
12/08/2016,IGGBR10D,,,,1.384,,
12/09/2016,IGGBR10D,,,,1.401,,
12/12/2016,IGGBR10D,,,,1.488,,
12/13/2016,IGGBR10D,,,,1.452,,
12/14/2016,IGGBR10D,,,,1.398,,
12/15/2016,IGGBR10D,,,,1.49,,
12/16/2016,IGGBR10D,,,,1.447,,
12/19/2016,IGGBR10D,,,,1.447,,
12/20/2016,IGGBR10D,,,,1.446,,
12/21/2016,IGGBR10D,,,,1.39,,
12/22/2016,IGGBR10D,,,,1.398,,
12/23/2016,IGGBR10D,,,,1.353,,
12/26/2016,IGGBR10D,,,,1.345,,
12/27/2016,IGGBR10D,,,,1.345,,
12/28/2016,IGGBR10D,,,,1.308,,
12/29/2016,IGGBR10D,,,,1.244,,
12/30/2016,IGGBR10D,,,,1.245,,
01/02/2017,IGGBR10D,,,,1.24,,
01/03/2017,IGGBR10D,,,,1.27,,
01/04/2017,IGGBR10D,,,,1.338,,
01/05/2017,IGGBR10D,,,,1.331,,
01/06/2017,IGGBR10D,,,,1.317,,
01/09/2017,IGGBR10D,,,,1.349,,
01/10/2017,IGGBR10D,,,,1.35,,
01/11/2017,IGGBR10D,,,,1.352,,
01/12/2017,IGGBR10D,,,,1.301,,
01/13/2017,IGGBR10D,,,,1.319,,
01/16/2017,IGGBR10D,,,,1.326,,
01/17/2017,IGGBR10D,,,,1.27,,
01/18/2017,IGGBR10D,,,,1.319,,
01/19/2017,IGGBR10D,,,,1.366,,
01/20/2017,IGGBR10D,,,,1.414,,
01/23/2017,IGGBR10D,,,,1.413,,
01/24/2017,IGGBR10D,,,,1.387,,
01/25/2017,IGGBR10D,,,,1.448,,
01/26/2017,IGGBR10D,,,,1.527,,
01/27/2017,IGGBR10D,,,,1.497,,
01/30/2017,IGGBR10D,,,,1.493,,
01/31/2017,IGGBR10D,,,,1.469,,
02/01/2017,IGGBR10D,,,,1.446,,
02/02/2017,IGGBR10D,,,,1.433,,
02/03/2017,IGGBR10D,,,,1.403,,
02/06/2017,IGGBR10D,,,,1.354,,
02/07/2017,IGGBR10D,,,,1.294,,
02/08/2017,IGGBR10D,,,,1.268,,
02/09/2017,IGGBR10D,,,,1.238,,
02/10/2017,IGGBR10D,,,,1.263,,
02/13/2017,IGGBR10D,,,,1.28,,
02/14/2017,IGGBR10D,,,,1.308,,
02/15/2017,IGGBR10D,,,,1.303,,
02/16/2017,IGGBR10D,,,,1.296,,
02/17/2017,IGGBR10D,,,,1.216,,
02/18/2017,IGGBR10D,,,,1.217,,
02/20/2017,IGGBR10D,,,,1.226,,
02/21/2017,IGGBR10D,,,,1.247,,
02/22/2017,IGGBR10D,,,,1.233,,
02/23/2017,IGGBR10D,,,,1.195,,
02/24/2017,IGGBR10D,,,,1.13,,
02/27/2017,IGGBR10D,,,,1.161,,
02/28/2017,IGGBR10D,,,,1.17,,
03/01/2017,IGGBR10D,,,,1.175,,
03/02/2017,IGGBR10D,,,,1.211,,
03/03/2017,IGGBR10D,,,,1.182,,
03/06/2017,IGGBR10D,,,,1.14,,
03/07/2017,IGGBR10D,,,,1.216,,
03/08/2017,IGGBR10D,,,,1.22,,
03/09/2017,IGGBR10D,,,,1.206,,
03/10/2017,IGGBR10D,,,,1.246,,
03/13/2017,IGGBR10D,,,,1.204,,
03/14/2017,IGGBR10D,,,,1.266,,
03/15/2017,IGGBR10D,,,,1.232,,
03/16/2017,IGGBR10D,,,,1.204,,
03/17/2017,IGGBR10D,,,,1.272,,
03/20/2017,IGGBR10D,,,,1.248,,
03/21/2017,IGGBR10D,,,,1.265,,
03/22/2017,IGGBR10D,,,,1.224,,
03/23/2017,IGGBR10D,,,,1.186,,
03/24/2017,IGGBR10D,,,,1.244,,
03/28/2017,IGGBR10D,,,,1.187,,
03/29/2017,IGGBR10D,,,,1.191,,
03/30/2017,IGGBR10D,,,,1.133,,
03/31/2017,IGGBR10D,,,,1.12,,
04/03/2017,IGGBR10D,,,,1.134,,
04/04/2017,IGGBR10D,,,,1.054,,
04/05/2017,IGGBR10D,,,,1.065,,
04/06/2017,IGGBR10D,,,,1.088,,
04/07/2017,IGGBR10D,,,,1.094,,
04/10/2017,IGGBR10D,,,,1.093,,
04/11/2017,IGGBR10D,,,,1.074,,
04/12/2017,IGGBR10D,,,,1.051,,
04/13/2017,IGGBR10D,,,,1.024,,
04/14/2017,IGGBR10D,,,,1.052,,
04/17/2017,IGGBR10D,,,,1.046,,
04/18/2017,IGGBR10D,,,,1.025,,
04/19/2017,IGGBR10D,,,,1.032,,
04/20/2017,IGGBR10D,,,,1.081,,
04/21/2017,IGGBR10D,,,,1.052,,
04/24/2017,IGGBR10D,,,,1.109,,
04/25/2017,IGGBR10D,,,,1.087,,
04/26/2017,IGGBR10D,,,,1.088,,
04/27/2017,IGGBR10D,,,,1.079,,
04/28/2017,IGGBR10D,,,,1.079,,
05/01/2017,IGGBR10D,,,,1.088,,
05/02/2017,IGGBR10D,,,,1.104,,
05/03/2017,IGGBR10D,,,,1.085,,
05/04/2017,IGGBR10D,,,,1.101,,
05/05/2017,IGGBR10D,,,,1.102,,
05/08/2017,IGGBR10D,,,,1.124,,
05/09/2017,IGGBR10D,,,,1.183,,
05/10/2017,IGGBR10D,,,,1.191,,
05/11/2017,IGGBR10D,,,,1.185,,
05/12/2017,IGGBR10D,,,,1.138,,
05/15/2017,IGGBR10D,,,,1.12,,
05/16/2017,IGGBR10D,,,,1.148,,
05/17/2017,IGGBR10D,,,,1.11,,
05/18/2017,IGGBR10D,,,,1.047,,
05/19/2017,IGGBR10D,,,,1.081,,
05/22/2017,IGGBR10D,,,,1.078,,
05/23/2017,IGGBR10D,,,,1.086,,
05/24/2017,IGGBR10D,,,,1.071,,
05/25/2017,IGGBR10D,,,,1.045,,
05/26/2017,IGGBR10D,,,,1.035,,
05/29/2017,IGGBR10D,,,,1.015,,
05/30/2017,IGGBR10D,,,,1.005,,
05/31/2017,IGGBR10D,,,,1,,
06/01/2017,IGGBR10D,,,,1.046,,
06/02/2017,IGGBR10D,,,,1.057,,
06/05/2017,IGGBR10D,,,,1.064,,
06/06/2017,IGGBR10D,,,,1.02,,
06/07/2017,IGGBR10D,,,,0.989,,
06/08/2017,IGGBR10D,,,,1.021,,
06/09/2017,IGGBR10D,,,,1.031,,
06/12/2017,IGGBR10D,,,,0.994,,
06/13/2017,IGGBR10D,,,,0.989,,
06/14/2017,IGGBR10D,,,,1.016,,
06/15/2017,IGGBR10D,,,,0.957,,
06/16/2017,IGGBR10D,,,,1.07,,
06/19/2017,IGGBR10D,,,,1.025,,
06/20/2017,IGGBR10D,,,,0.994,,
06/21/2017,IGGBR10D,,,,0.978,,
06/22/2017,IGGBR10D,,,,1.02,,
06/23/2017,IGGBR10D,,,,1.057,,
06/26/2017,IGGBR10D,,,,1.047,,
06/27/2017,IGGBR10D,,,,1.037,,
06/28/2017,IGGBR10D,,,,1.119,,
06/29/2017,IGGBR10D,,,,1.198,,
06/30/2017,IGGBR10D,,,,1.255,,
07/03/2017,IGGBR10D,,,,1.274,,
07/04/2017,IGGBR10D,,,,1.267,,
07/05/2017,IGGBR10D,,,,1.278,,
07/06/2017,IGGBR10D,,,,1.279,,
07/07/2017,IGGBR10D,,,,1.315,,
07/10/2017,IGGBR10D,,,,1.298,,
07/11/2017,IGGBR10D,,,,1.298,,
07/12/2017,IGGBR10D,,,,1.272,,
07/13/2017,IGGBR10D,,,,1.24,,
07/14/2017,IGGBR10D,,,,1.281,,
07/17/2017,IGGBR10D,,,,1.291,,
07/18/2017,IGGBR10D,,,,1.239,,
07/19/2017,IGGBR10D,,,,1.221,,
07/20/2017,IGGBR10D,,,,1.207,,
07/21/2017,IGGBR10D,,,,1.199,,
07/24/2017,IGGBR10D,,,,1.187,,
07/25/2017,IGGBR10D,,,,1.192,,
07/26/2017,IGGBR10D,,,,1.237,,
07/27/2017,IGGBR10D,,,,1.195,,
07/28/2017,IGGBR10D,,,,1.208,,
07/31/2017,IGGBR10D,,,,1.215,,
08/01/2017,IGGBR10D,,,,1.24,,
08/02/2017,IGGBR10D,,,,1.247,,
08/03/2017,IGGBR10D,,,,1.243,,
08/04/2017,IGGBR10D,,,,1.154,,
08/07/2017,IGGBR10D,,,,1.148,,
08/08/2017,IGGBR10D,,,,1.142,,
08/09/2017,IGGBR10D,,,,1.118,,
08/10/2017,IGGBR10D,,,,1.112,,
08/11/2017,IGGBR10D,,,,1.036,,
08/14/2017,IGGBR10D,,,,1.096,,
08/15/2017,IGGBR10D,,,,1.097,,
08/16/2017,IGGBR10D,,,,1.102,,
08/17/2017,IGGBR10D,,,,1.094,,
08/18/2017,IGGBR10D,,,,1.078,,
08/21/2017,IGGBR10D,,,,1.069,,
08/22/2017,IGGBR10D,,,,1.089,,
08/23/2017,IGGBR10D,,,,1.098,,
08/24/2017,IGGBR10D,,,,1.069,,
08/25/2017,IGGBR10D,,,,1.067,,
08/28/2017,IGGBR10D,,,,1.056,,
08/29/2017,IGGBR10D,,,,0.999,,
08/30/2017,IGGBR10D,,,,1.031,,
08/31/2017,IGGBR10D,,,,1.03,,
09/01/2017,IGGBR10D,,,,1.056,,
09/04/2017,IGGBR10D,,,,1.055,,
09/05/2017,IGGBR10D,,,,1.064,,
09/06/2017,IGGBR10D,,,,1.02,,
09/07/2017,IGGBR10D,,,,1.027,,
09/08/2017,IGGBR10D,,,,0.982,,
09/11/2017,IGGBR10D,,,,1.023,,
09/12/2017,IGGBR10D,,,,1.077,,
09/13/2017,IGGBR10D,,,,1.125,,
09/14/2017,IGGBR10D,,,,1.142,,
09/15/2017,IGGBR10D,,,,1.326,,
09/18/2017,IGGBR10D,,,,1.304,,
09/19/2017,IGGBR10D,,,,1.308,,
09/20/2017,IGGBR10D,,,,1.318,,
09/21/2017,IGGBR10D,,,,1.377,,
09/22/2017,IGGBR10D,,,,1.364,,
09/25/2017,IGGBR10D,,,,1.338,,
09/26/2017,IGGBR10D,,,,1.326,,
09/27/2017,IGGBR10D,,,,1.374,,
09/28/2017,IGGBR10D,,,,1.397,,
09/29/2017,IGGBR10D,,,,1.358,,
10/02/2017,IGGBR10D,,,,1.355,,
10/03/2017,IGGBR10D,,,,1.381,,
10/04/2017,IGGBR10D,,,,1.344,,
10/05/2017,IGGBR10D,,,,1.352,,
10/06/2017,IGGBR10D,,,,1.39,,
10/09/2017,IGGBR10D,,,,1.374,,
10/10/2017,IGGBR10D,,,,1.373,,
10/11/2017,IGGBR10D,,,,1.379,,
10/12/2017,IGGBR10D,,,,1.365,,
10/13/2017,IGGBR10D,,,,1.405,,
10/16/2017,IGGBR10D,,,,1.385,,
10/17/2017,IGGBR10D,,,,1.335,,
10/18/2017,IGGBR10D,,,,1.297,,
10/19/2017,IGGBR10D,,,,1.275,,
10/20/2017,IGGBR10D,,,,1.31,,
10/23/2017,IGGBR10D,,,,1.318,,
10/24/2017,IGGBR10D,,,,1.338,,
10/25/2017,IGGBR10D,,,,1.356,,
10/26/2017,IGGBR10D,,,,1.402,,
10/27/2017,IGGBR10D,,,,1.375,,
10/30/2017,IGGBR10D,,,,1.356,,
10/31/2017,IGGBR10D,,,,1.327,,
11/01/2017,IGGBR10D,,,,1.34,,
11/02/2017,IGGBR10D,,,,1.358,,
11/03/2017,IGGBR10D,,,,1.248,,
11/06/2017,IGGBR10D,,,,1.265,,
11/07/2017,IGGBR10D,,,,1.234,,
11/08/2017,IGGBR10D,,,,1.233,,
11/09/2017,IGGBR10D,,,,1.263,,
11/10/2017,IGGBR10D,,,,1.341,,
11/13/2017,IGGBR10D,,,,1.33,,
11/14/2017,IGGBR10D,,,,1.313,,
11/15/2017,IGGBR10D,,,,1.288,,
11/16/2017,IGGBR10D,,,,1.302,,
11/17/2017,IGGBR10D,,,,1.302,,
11/20/2017,IGGBR10D,,,,1.321,,
11/21/2017,IGGBR10D,,,,1.256,,
11/22/2017,IGGBR10D,,,,1.276,,
11/23/2017,IGGBR10D,,,,1.269,,
11/24/2017,IGGBR10D,,,,1.272,,
11/27/2017,IGGBR10D,,,,1.262,,
11/28/2017,IGGBR10D,,,,1.253,,
11/29/2017,IGGBR10D,,,,1.316,,
11/30/2017,IGGBR10D,,,,1.37,,
12/01/2017,IGGBR10D,,,,1.309,,
12/04/2017,IGGBR10D,,,,1.271,,
12/05/2017,IGGBR10D,,,,1.263,,
12/06/2017,IGGBR10D,,,,1.239,,
12/07/2017,IGGBR10D,,,,1.23,,
12/08/2017,IGGBR10D,,,,1.316,,
12/11/2017,IGGBR10D,,,,1.25,,
12/12/2017,IGGBR10D,,,,1.21,,
12/13/2017,IGGBR10D,,,,1.21,,
12/14/2017,IGGBR10D,,,,1.224,,
12/15/2017,IGGBR10D,,,,1.159,,
12/18/2017,IGGBR10D,,,,1.148,,
12/19/2017,IGGBR10D,,,,1.154,,
12/20/2017,IGGBR10D,,,,1.242,,
12/21/2017,IGGBR10D,,,,1.279,,
12/22/2017,IGGBR10D,,,,1.249,,
12/25/2017,IGGBR10D,,,,1.243,,
12/26/2017,IGGBR10D,,,,1.243,,
12/27/2017,IGGBR10D,,,,1.217,,
12/28/2017,IGGBR10D,,,,1.19,,
12/29/2017,IGGBR10D,,,,1.205,,
01/01/2018,IGGBR10D,,,,1.192,,
01/02/2018,IGGBR10D,,,,1.251,,
01/03/2018,IGGBR10D,,,,1.267,,
01/04/2018,IGGBR10D,,,,1.245,,
01/05/2018,IGGBR10D,,,,1.222,,
01/08/2018,IGGBR10D,,,,1.226,,
01/09/2018,IGGBR10D,,,,1.253,,
01/10/2018,IGGBR10D,,,,1.282,,
01/11/2018,IGGBR10D,,,,1.264,,
01/12/2018,IGGBR10D,,,,1.323,,
01/15/2018,IGGBR10D,,,,1.322,,
01/16/2018,IGGBR10D,,,,1.311,,
01/17/2018,IGGBR10D,,,,1.298,,
01/18/2018,IGGBR10D,,,,1.34,,
01/19/2018,IGGBR10D,,,,1.332,,
01/22/2018,IGGBR10D,,,,1.367,,
01/23/2018,IGGBR10D,,,,1.347,,
01/24/2018,IGGBR10D,,,,1.382,,
01/25/2018,IGGBR10D,,,,1.416,,
01/26/2018,IGGBR10D,,,,1.4,,
01/29/2018,IGGBR10D,,,,1.456,,
01/30/2018,IGGBR10D,,,,1.443,,
01/31/2018,IGGBR10D,,,,1.454,,
02/01/2018,IGGBR10D,,,,1.537,,
02/02/2018,IGGBR10D,,,,1.588,,
02/05/2018,IGGBR10D,,,,1.568,,
02/06/2018,IGGBR10D,,,,1.514,,
02/07/2018,IGGBR10D,,,,1.516,,
02/08/2018,IGGBR10D,,,,1.558,,
02/09/2018,IGGBR10D,,,,1.619,,
02/12/2018,IGGBR10D,,,,1.617,,
02/13/2018,IGGBR10D,,,,1.582,,
02/14/2018,IGGBR10D,,,,1.597,,
02/15/2018,IGGBR10D,,,,1.665,,
02/16/2018,IGGBR10D,,,,1.627,,
02/19/2018,IGGBR10D,,,,1.601,,
02/20/2018,IGGBR10D,,,,1.616,,
02/21/2018,IGGBR10D,,,,1.556,,
02/22/2018,IGGBR10D,,,,1.563,,
02/23/2018,IGGBR10D,,,,1.53,,
02/26/2018,IGGBR10D,,,,1.532,,
02/27/2018,IGGBR10D,,,,1.536,,
02/28/2018,IGGBR10D,,,,1.543,,
03/01/2018,IGGBR10D,,,,1.465,,
03/02/2018,IGGBR10D,,,,1.444,,
03/05/2018,IGGBR10D,,,,1.488,,
03/06/2018,IGGBR10D,,,,1.513,,
03/07/2018,IGGBR10D,,,,1.513,,
03/08/2018,IGGBR10D,,,,1.504,,
03/09/2018,IGGBR10D,,,,1.495,,
03/12/2018,IGGBR10D,,,,1.495,,
03/13/2018,IGGBR10D,,,,1.494,,
03/14/2018,IGGBR10D,,,,1.475,,
03/15/2018,IGGBR10D,,,,1.446,,
03/16/2018,IGGBR10D,,,,1.426,,
03/19/2018,IGGBR10D,,,,1.454,,
03/20/2018,IGGBR10D,,,,1.468,,
03/21/2018,IGGBR10D,,,,1.499,,
03/22/2018,IGGBR10D,,,,1.492,,
03/23/2018,IGGBR10D,,,,1.43,,
03/26/2018,IGGBR10D,,,,1.465,,
03/27/2018,IGGBR10D,,,,1.45,,
03/28/2018,IGGBR10D,,,,1.371,,
03/29/2018,IGGBR10D,,,,1.361,,
03/30/2018,IGGBR10D,,,,1.343,,
04/02/2018,IGGBR10D,,,,1.343,,
04/03/2018,IGGBR10D,,,,1.363,,
04/04/2018,IGGBR10D,,,,1.347,,
04/05/2018,IGGBR10D,,,,1.394,,
04/06/2018,IGGBR10D,,,,1.406,,
04/09/2018,IGGBR10D,,,,1.41,,
04/10/2018,IGGBR10D,,,,1.407,,
04/11/2018,IGGBR10D,,,,1.404,,
04/12/2018,IGGBR10D,,,,1.395,,
04/13/2018,IGGBR10D,,,,1.47,,
04/16/2018,IGGBR10D,,,,1.468,,
04/17/2018,IGGBR10D,,,,1.485,,
04/18/2018,IGGBR10D,,,,1.43,,
04/19/2018,IGGBR10D,,,,1.455,,
04/20/2018,IGGBR10D,,,,1.487,,
04/23/2018,IGGBR10D,,,,1.512,,
04/24/2018,IGGBR10D,,,,1.509,,
04/25/2018,IGGBR10D,,,,1.557,,
04/26/2018,IGGBR10D,,,,1.527,,
04/27/2018,IGGBR10D,,,,1.482,,
04/30/2018,IGGBR10D,,,,1.437,,
05/01/2018,IGGBR10D,,,,1.425,,
05/02/2018,IGGBR10D,,,,1.439,,
05/03/2018,IGGBR10D,,,,1.468,,
05/04/2018,IGGBR10D,,,,1.38,,
05/07/2018,IGGBR10D,,,,1.395,,
05/08/2018,IGGBR10D,,,,1.392,,
05/09/2018,IGGBR10D,,,,1.476,,
05/10/2018,IGGBR10D,,,,1.463,,
05/11/2018,IGGBR10D,,,,1.428,,
05/14/2018,IGGBR10D,,,,1.472,,
05/15/2018,IGGBR10D,,,,1.484,,
05/16/2018,IGGBR10D,,,,1.511,,
05/17/2018,IGGBR10D,,,,1.543,,
05/18/2018,IGGBR10D,,,,1.543,,
05/21/2018,IGGBR10D,,,,1.471,,
05/22/2018,IGGBR10D,,,,1.52,,
05/23/2018,IGGBR10D,,,,1.46,,
05/24/2018,IGGBR10D,,,,1.442,,
05/25/2018,IGGBR10D,,,,1.383,,
05/28/2018,IGGBR10D,,,,1.325,,
05/29/2018,IGGBR10D,,,,1.183,,
05/30/2018,IGGBR10D,,,,1.239,,
05/31/2018,IGGBR10D,,,,1.285,,
06/01/2018,IGGBR10D,,,,1.26,,
06/04/2018,IGGBR10D,,,,1.281,,
06/05/2018,IGGBR10D,,,,1.301,,
06/06/2018,IGGBR10D,,,,1.328,,
06/07/2018,IGGBR10D,,,,1.404,,
06/08/2018,IGGBR10D,,,,1.344,,
06/11/2018,IGGBR10D,,,,1.413,,
06/12/2018,IGGBR10D,,,,1.436,,
06/13/2018,IGGBR10D,,,,1.387,,
06/14/2018,IGGBR10D,,,,1.37,,
06/15/2018,IGGBR10D,,,,1.296,,
06/18/2018,IGGBR10D,,,,1.304,,
06/19/2018,IGGBR10D,,,,1.276,,
06/20/2018,IGGBR10D,,,,1.286,,
06/21/2018,IGGBR10D,,,,1.302,,
06/22/2018,IGGBR10D,,,,1.307,,
06/25/2018,IGGBR10D,,,,1.292,,
06/26/2018,IGGBR10D,,,,1.31,,
06/27/2018,IGGBR10D,,,,1.256,,
06/28/2018,IGGBR10D,,,,1.256,,
06/29/2018,IGGBR10D,,,,1.276,,
07/02/2018,IGGBR10D,,,,1.265,,
07/03/2018,IGGBR10D,,,,1.286,,
07/04/2018,IGGBR10D,,,,1.27,,
07/05/2018,IGGBR10D,,,,1.284,,
07/06/2018,IGGBR10D,,,,1.257,,
07/09/2018,IGGBR10D,,,,1.304,,
07/10/2018,IGGBR10D,,,,1.293,,
07/11/2018,IGGBR10D,,,,1.284,,
07/12/2018,IGGBR10D,,,,1.29,,
07/13/2018,IGGBR10D,,,,1.25,,
07/16/2018,IGGBR10D,,,,1.273,,
07/17/2018,IGGBR10D,,,,1.271,,
07/18/2018,IGGBR10D,,,,1.218,,
07/19/2018,IGGBR10D,,,,1.232,,
07/20/2018,IGGBR10D,,,,1.194,,
07/23/2018,IGGBR10D,,,,1.235,,
07/24/2018,IGGBR10D,,,,1.273,,
07/25/2018,IGGBR10D,,,,1.266,,
07/26/2018,IGGBR10D,,,,1.276,,
07/27/2018,IGGBR10D,,,,1.288,,
07/30/2018,IGGBR10D,,,,1.324,,
07/31/2018,IGGBR10D,,,,1.341,,
08/01/2018,IGGBR10D,,,,1.364,,
08/02/2018,IGGBR10D,,,,1.378,,
08/03/2018,IGGBR10D,,,,1.336,,
08/06/2018,IGGBR10D,,,,1.301,,
08/07/2018,IGGBR10D,,,,1.327,,
08/08/2018,IGGBR10D,,,,1.317,,
08/09/2018,IGGBR10D,,,,1.3,,
08/10/2018,IGGBR10D,,,,1.246,,
08/13/2018,IGGBR10D,,,,1.263,,
08/14/2018,IGGBR10D,,,,1.265,,
08/15/2018,IGGBR10D,,,,1.226,,
08/16/2018,IGGBR10D,,,,1.232,,
08/17/2018,IGGBR10D,,,,1.235,,
08/20/2018,IGGBR10D,,,,1.227,,
08/21/2018,IGGBR10D,,,,1.267,,
08/22/2018,IGGBR10D,,,,1.267,,
08/23/2018,IGGBR10D,,,,1.273,,
08/24/2018,IGGBR10D,,,,1.277,,
08/27/2018,IGGBR10D,,,,1.274,,
08/28/2018,IGGBR10D,,,,1.454,,
08/29/2018,IGGBR10D,,,,1.47,,
08/30/2018,IGGBR10D,,,,1.454,,
08/31/2018,IGGBR10D,,,,1.432,,
09/03/2018,IGGBR10D,,,,1.405,,
09/04/2018,IGGBR10D,,,,1.431,,
09/05/2018,IGGBR10D,,,,1.466,,
09/06/2018,IGGBR10D,,,,1.416,,
09/07/2018,IGGBR10D,,,,1.452,,
09/10/2018,IGGBR10D,,,,1.467,,
09/11/2018,IGGBR10D,,,,1.501,,
09/12/2018,IGGBR10D,,,,1.485,,
09/13/2018,IGGBR10D,,,,1.504,,
09/14/2018,IGGBR10D,,,,1.532,,
09/17/2018,IGGBR10D,,,,1.535,,
09/18/2018,IGGBR10D,,,,1.568,,
09/19/2018,IGGBR10D,,,,1.613,,
09/20/2018,IGGBR10D,,,,1.591,,
09/21/2018,IGGBR10D,,,,1.548,,
09/24/2018,IGGBR10D,,,,1.616,,
09/25/2018,IGGBR10D,,,,1.631,,
09/26/2018,IGGBR10D,,,,1.629,,
09/27/2018,IGGBR10D,,,,1.589,,
09/28/2018,IGGBR10D,,,,1.57,,
10/01/2018,IGGBR10D,,,,1.579,,
10/02/2018,IGGBR10D,,,,1.526,,
10/03/2018,IGGBR10D,,,,1.586,,
10/04/2018,IGGBR10D,,,,1.669,,
10/05/2018,IGGBR10D,,,,1.731,,
10/08/2018,IGGBR10D,,,,1.682,,
10/09/2018,IGGBR10D,,,,1.715,,
10/10/2018,IGGBR10D,,,,1.723,,
10/11/2018,IGGBR10D,,,,1.677,,
10/12/2018,IGGBR10D,,,,1.621,,
10/15/2018,IGGBR10D,,,,1.607,,
10/16/2018,IGGBR10D,,,,1.613,,
10/17/2018,IGGBR10D,,,,1.573,,
10/18/2018,IGGBR10D,,,,1.589,,
10/19/2018,IGGBR10D,,,,1.586,,
10/22/2018,IGGBR10D,,,,1.521,,
10/23/2018,IGGBR10D,,,,1.478,,
10/24/2018,IGGBR10D,,,,1.471,,
10/25/2018,IGGBR10D,,,,1.44,,
10/26/2018,IGGBR10D,,,,1.39,,
10/29/2018,IGGBR10D,,,,1.402,,
10/30/2018,IGGBR10D,,,,1.403,,
10/31/2018,IGGBR10D,,,,1.436,,
11/01/2018,IGGBR10D,,,,1.455,,
11/02/2018,IGGBR10D,,,,1.498,,
11/05/2018,IGGBR10D,,,,1.498,,
11/06/2018,IGGBR10D,,,,1.539,,
11/07/2018,IGGBR10D,,,,1.535,,
11/08/2018,IGGBR10D,,,,1.568,,
11/09/2018,IGGBR10D,,,,1.492,,
11/11/2018,IGGBR10D,,,,1.493,,
11/12/2018,IGGBR10D,,,,1.452,,
11/13/2018,IGGBR10D,,,,1.497,,
11/14/2018,IGGBR10D,,,,1.481,,
11/15/2018,IGGBR10D,,,,1.357,,
11/16/2018,IGGBR10D,,,,1.409,,
11/19/2018,IGGBR10D,,,,1.399,,
11/20/2018,IGGBR10D,,,,1.383,,
11/21/2018,IGGBR10D,,,,1.389,,
11/22/2018,IGGBR10D,,,,1.419,,
11/23/2018,IGGBR10D,,,,1.384,,
11/25/2018,IGGBR10D,,,,1.384,,
11/26/2018,IGGBR10D,,,,1.412,,
11/27/2018,IGGBR10D,,,,1.379,,
11/28/2018,IGGBR10D,,,,1.376,,
11/29/2018,IGGBR10D,,,,1.364,,
11/30/2018,IGGBR10D,,,,1.356,,
12/03/2018,IGGBR10D,,,,1.315,,
12/04/2018,IGGBR10D,,,,1.284,,
12/05/2018,IGGBR10D,,,,1.308,,
12/06/2018,IGGBR10D,,,,1.23,,
12/07/2018,IGGBR10D,,,,1.266,,
12/10/2018,IGGBR10D,,,,1.214,,
12/11/2018,IGGBR10D,,,,1.189,,
12/12/2018,IGGBR10D,,,,1.28,,
12/13/2018,IGGBR10D,,,,1.292,,
12/14/2018,IGGBR10D,,,,1.254,,
12/16/2018,IGGBR10D,,,,1.246,,
12/17/2018,IGGBR10D,,,,1.271,,
12/18/2018,IGGBR10D,,,,1.28,,
12/19/2018,IGGBR10D,,,,1.285,,
12/20/2018,IGGBR10D,,,,1.279,,
12/21/2018,IGGBR10D,,,,1.32,,
12/24/2018,IGGBR10D,,,,1.262,,
12/25/2018,IGGBR10D,,,,1.262,,
12/26/2018,IGGBR10D,,,,1.262,,
12/27/2018,IGGBR10D,,,,1.311,,
12/28/2018,IGGBR10D,,,,1.258,,
12/31/2018,IGGBR10D,,,,1.269,,
01/01/2019,IGGBR10D,,,,1.275,,
01/02/2019,IGGBR10D,,,,1.217,,
01/03/2019,IGGBR10D,,,,1.197,,
01/04/2019,IGGBR10D,,,,1.269,,
01/07/2019,IGGBR10D,,,,1.255,,
01/08/2019,IGGBR10D,,,,1.275,,
01/09/2019,IGGBR10D,,,,1.248,,
01/10/2019,IGGBR10D,,,,1.28,,
01/11/2019,IGGBR10D,,,,1.286,,
01/14/2019,IGGBR10D,,,,1.298,,
01/15/2019,IGGBR10D,,,,1.25,,
01/16/2019,IGGBR10D,,,,1.309,,
01/17/2019,IGGBR10D,,,,1.337,,
01/18/2019,IGGBR10D,,,,1.345,,
